complex_id,most_similar_fragment,ECFP4_Tanimoto_Similarity,alignment_ok,failure_reason
A71EV2A-x0152a,A71EV2A-x0739a,0.30357142857142855,True,
A71EV2A-x0152b,A71EV2A-x0739a,0.30357142857142855,True,
A71EV2A-x0188a,A71EV2A-x0228a,0.21951219512195122,True,
A71EV2A-x0194a,A71EV2A-x0473a,0.22727272727272727,True,
A71EV2A-x0202a,A71EV2A-x0428a,0.2558139534883721,True,
A71EV2A-x0202b,A71EV2A-x0428a,0.2558139534883721,True,
A71EV2A-x0207a,A71EV2A-x0237a,0.2807017543859649,True,
A71EV2A-x0228a,A71EV2A-x0278b,0.2564102564102564,True,
A71EV2A-x0229a,A71EV2A-x0351a,0.24444444444444444,True,
A71EV2A-x0229b,A71EV2A-x0351a,0.24444444444444444,True,
A71EV2A-x0237a,A71EV2A-x0416a,0.34615384615384615,True,
A71EV2A-x0239a,A71EV2A-x1080a,0.2564102564102564,True,
A71EV2A-x0269a,A71EV2A-x1292a,0.38095238095238093,True,
A71EV2A-x0278a,A71EV2A-x0228a,0.2564102564102564,True,
A71EV2A-x0278b,A71EV2A-x0228a,0.2564102564102564,True,
A71EV2A-x0305a,A71EV2A-x0332a,0.48484848484848486,True,
A71EV2A-x0309a,A71EV2A-x0556a,0.23214285714285715,True,
A71EV2A-x0310a,A71EV2A-x0732a,0.2857142857142857,True,
A71EV2A-x0332a,A71EV2A-x0305a,0.48484848484848486,True,
A71EV2A-x0333a,A71EV2A-x0229b,0.3333333333333333,True,
A71EV2A-x0351a,A71EV2A-x0853a,0.3404255319148936,True,
A71EV2A-x0351b,A71EV2A-x0853a,0.3404255319148936,True,
A71EV2A-x0351c,A71EV2A-x0853a,0.3404255319148936,True,
A71EV2A-x0354a,A71EV2A-x0416a,0.22641509433962265,True,
A71EV2A-x0359a,A71EV2A-x0540a,0.42424242424242425,True,
A71EV2A-x0365a,A71EV2A-x0437a,0.21951219512195122,True,
A71EV2A-x0375a,A71EV2A-x0501a,0.2857142857142857,True,
A71EV2A-x0375b,A71EV2A-x0501a,0.2857142857142857,True,
A71EV2A-x0375c,A71EV2A-x0501a,0.2857142857142857,True,
A71EV2A-x0395a,A71EV2A-x0884a,0.2926829268292683,True,
A71EV2A-x0395b,A71EV2A-x0884a,0.2926829268292683,True,
A71EV2A-x0396a,A71EV2A-x0514a,0.25,True,
A71EV2A-x0412a,A71EV2A-x0486a,0.3,True,
A71EV2A-x0416a,A71EV2A-x0237a,0.34615384615384615,True,
A71EV2A-x0428a,A71EV2A-x0526a,0.3076923076923077,True,
A71EV2A-x0432a,A71EV2A-x1068a,0.20689655172413793,True,
A71EV2A-x0437a,A71EV2A-x0365a,0.21951219512195122,True,
A71EV2A-x0443a,A71EV2A-x1293a,0.3235294117647059,True,
A71EV2A-x0446a,A71EV2A-x0451a,0.2558139534883721,True,
A71EV2A-x0450a,A71EV2A-x0922a,0.25,True,
A71EV2A-x0451a,A71EV2A-x0812a,0.35714285714285715,True,
A71EV2A-x0469a,A71EV2A-x1068a,0.2413793103448276,True,
A71EV2A-x0473a,A71EV2A-x0194a,0.22727272727272727,True,
A71EV2A-x0486a,A71EV2A-x0922a,0.3333333333333333,True,
A71EV2A-x0487a,A71EV2A-x0515a,0.358974358974359,True,
A71EV2A-x0488a,A71EV2A-x1255a,0.22727272727272727,True,
A71EV2A-x0497a,A71EV2A-x0812a,0.18181818181818182,True,
A71EV2A-x0501a,A71EV2A-x0375a,0.2857142857142857,True,
A71EV2A-x0501b,A71EV2A-x0375a,0.2857142857142857,True,
A71EV2A-x0514a,A71EV2A-x0836a,0.275,True,
A71EV2A-x0514b,A71EV2A-x0836a,0.275,True,
A71EV2A-x0515a,A71EV2A-x0487a,0.358974358974359,True,
A71EV2A-x0515b,A71EV2A-x0487a,0.358974358974359,True,
A71EV2A-x0515c,A71EV2A-x0487a,0.358974358974359,True,
A71EV2A-x0517a,A71EV2A-x0540a,0.3125,True,
A71EV2A-x0525a,A71EV2A-x0836a,0.20512820512820512,True,
A71EV2A-x0526a,A71EV2A-x0428a,0.3076923076923077,True,
A71EV2A-x0528a,A71EV2A-x0450a,0.21568627450980393,True,
A71EV2A-x0528b,A71EV2A-x0450a,0.21568627450980393,True,
A71EV2A-x0540a,A71EV2A-x0359a,0.42424242424242425,True,
A71EV2A-x0541a,A71EV2A-x0207a,0.20689655172413793,True,
A71EV2A-x0554a,A71EV2A-x0566a,0.5263157894736842,True,
A71EV2A-x0554b,A71EV2A-x0566a,0.5263157894736842,True,
A71EV2A-x0556a,A71EV2A-x1292a,0.30434782608695654,True,
A71EV2A-x0566a,A71EV2A-x0554b,0.5263157894736842,True,
A71EV2A-x0571a,A71EV2A-x0207a,0.24074074074074073,True,
A71EV2A-x0586a,A71EV2A-x0278b,0.22,True,
A71EV2A-x0691a,A71EV2A-x0332a,0.40625,True,
A71EV2A-x0717a,A71EV2A-x0428a,0.2894736842105263,True,
A71EV2A-x0719a,A71EV2A-x0836a,0.3142857142857143,True,
A71EV2A-x0719b,A71EV2A-x0836a,0.3142857142857143,True,
A71EV2A-x0732a,A71EV2A-x0310a,0.2857142857142857,True,
A71EV2A-x0739a,A71EV2A-x0922a,0.32653061224489793,True,
A71EV2A-x0812a,A71EV2A-x0451a,0.35714285714285715,True,
A71EV2A-x0831a,A71EV2A-x0836a,0.225,True,
A71EV2A-x0836a,A71EV2A-x0719a,0.3142857142857143,True,
A71EV2A-x0836b,A71EV2A-x0719a,0.3142857142857143,True,
A71EV2A-x0853a,A71EV2A-x1292a,0.3902439024390244,True,
A71EV2A-x0884a,A71EV2A-x0554b,0.35,True,
A71EV2A-x0900a,A71EV2A-x1068a,0.20689655172413793,True,
A71EV2A-x0911a,A71EV2A-x1292a,0.23404255319148937,True,
A71EV2A-x0922a,A71EV2A-x0486a,0.3333333333333333,True,
A71EV2A-x0926a,A71EV2A-x0739a,0.23214285714285715,True,
A71EV2A-x1019a,A71EV2A-x1255a,0.28888888888888886,True,
A71EV2A-x1068a,A71EV2A-x0469a,0.2413793103448276,True,
A71EV2A-x1068b,A71EV2A-x0469a,0.2413793103448276,True,
A71EV2A-x1068c,A71EV2A-x0469a,0.2413793103448276,True,
A71EV2A-x1080a,A71EV2A-x0239a,0.2564102564102564,True,
A71EV2A-x1081a,A71EV2A-x0911a,0.13157894736842105,True,
A71EV2A-x1081b,A71EV2A-x0911a,0.13157894736842105,True,
A71EV2A-x1084a,A71EV2A-x0354a,0.16216216216216217,True,
A71EV2A-x1105a,A71EV2A-x1068a,0.22727272727272727,True,
A71EV2A-x1105b,A71EV2A-x1068a,0.22727272727272727,True,
A71EV2A-x1109a,A71EV2A-x0446a,0.3076923076923077,True,
A71EV2A-x1128a,A71EV2A-x0501a,0.21951219512195122,True,
A71EV2A-x1140a,A71EV2A-x1292a,0.25,True,
A71EV2A-x1140b,A71EV2A-x1292a,0.25,True,
A71EV2A-x1145a,A71EV2A-x0540a,0.2857142857142857,True,
A71EV2A-x1145b,A71EV2A-x0540a,0.2857142857142857,True,
A71EV2A-x1146a,A71EV2A-x1068a,0.18518518518518517,True,
A71EV2A-x1148a,A71EV2A-x1180a,0.45454545454545453,True,
A71EV2A-x1148b,A71EV2A-x1180a,0.45454545454545453,True,
A71EV2A-x1180a,A71EV2A-x1148a,0.45454545454545453,True,
A71EV2A-x1180b,A71EV2A-x1148a,0.45454545454545453,True,
A71EV2A-x1209a,A71EV2A-x1148a,0.2916666666666667,True,
A71EV2A-x1255a,A71EV2A-x1019a,0.28888888888888886,True,
A71EV2A-x1292a,A71EV2A-x0853a,0.3902439024390244,True,
A71EV2A-x1293a,A71EV2A-x0443a,0.3235294117647059,True,
A71EV2A-x1346a,A71EV2A-x0310a,0.27692307692307694,True,
A71EV2A-x1445a,A71EV2A-x0310a,0.25,True,
A71EV2A-x1445b,A71EV2A-x0310a,0.25,True,
A71EV2A-x1776a,A71EV2A-x0884a,0.3684210526315789,True,
A71EV2A-x1778a,A71EV2A-x0586a,0.21428571428571427,True,
A71EV2A-x2290a,A71EV2A-x0812a,0.6571428571428571,True,
A71EV2A-x2293a,A71EV2A-x0812a,0.4423076923076923,True,
A71EV2A-x2304a,A71EV2A-x0812a,0.5111111111111111,True,
A71EV2A-x2339a,A71EV2A-x0556a,0.43137254901960786,True,
A71EV2A-x2351a,A71EV2A-x0812a,0.6216216216216216,True,
A71EV2A-x2448a,A71EV2A-x0526a,0.3076923076923077,True,
A71EV2A-x2448b,A71EV2A-x0526a,0.3076923076923077,True,
A71EV2A-x2454a,A71EV2A-x0554b,0.35,True,
A71EV2A-x2458a,A71EV2A-x0305a,0.48484848484848486,True,
A71EV2A-x2513a,A71EV2A-x0332a,0.20930232558139536,True,
A71EV2A-x2629a,A71EV2A-x0375a,0.4418604651162791,True,
A71EV2A-x2846a,A71EV2A-x0812a,0.46,True,
A71EV2A-x2972a,A71EV2A-x0812a,0.48936170212765956,True,
A71EV2A-x3054a,A71EV2A-x0926a,0.4230769230769231,True,
A71EV2A-x3066a,A71EV2A-x0812a,0.35714285714285715,True,
A71EV2A-x3175a,A71EV2A-x0451a,0.5531914893617021,True,
A71EV2A-x3176a,A71EV2A-x0812a,0.5111111111111111,True,
A71EV2A-x3177a,A71EV2A-x0812a,0.5,True,
A71EV2A-x3178a,A71EV2A-x0812a,0.48936170212765956,True,
A71EV2A-x3181a,A71EV2A-x0812a,0.4791666666666667,True,
A71EV2A-x3181b,A71EV2A-x0812a,0.4791666666666667,True,
A71EV2A-x3186a,A71EV2A-x0926a,0.5625,True,
A71EV2A-x3188a,A71EV2A-x0926a,0.44642857142857145,True,
A71EV2A-x3189a,A71EV2A-x0926a,0.44642857142857145,True,
A71EV2A-x3191a,A71EV2A-x0926a,0.4528301886792453,True,
A71EV2A-x3193a,A71EV2A-x0926a,0.4528301886792453,True,
A71EV2A-x3194a,A71EV2A-x0926a,0.49019607843137253,True,
A71EV2A-x3201a,A71EV2A-x0926a,0.5192307692307693,True,
A71EV2A-x3207a,A71EV2A-x0926a,0.48,True,
A71EV2A-x3208a,A71EV2A-x0926a,0.43636363636363634,True,
A71EV2A-x3210a,A71EV2A-x0926a,0.42857142857142855,True,
A71EV2A-x3218a,A71EV2A-x0926a,0.38181818181818183,True,
A71EV2A-x3221a,A71EV2A-x0926a,0.5102040816326531,True,
A71EV2A-x3222a,A71EV2A-x0926a,0.4117647058823529,True,
A71EV2A-x3223a,A71EV2A-x0926a,0.3684210526315789,True,
A71EV2A-x3225a,A71EV2A-x0926a,0.46296296296296297,True,
A71EV2A-x3229a,A71EV2A-x0926a,0.5192307692307693,True,
A71EV2A-x3234a,A71EV2A-x0732a,0.2553191489361702,True,
A71EV2A-x3264a,A71EV2A-x0812a,0.29310344827586204,True,
A71EV2A-x3279a,A71EV2A-x0365a,0.4,True,
A71EV2A-x3280a,A71EV2A-x0812a,0.46,True,
A71EV2A-x3286a,A71EV2A-x0812a,0.45098039215686275,True,
A71EV2A-x3305a,A71EV2A-x0812a,0.19696969696969696,True,
A71EV2A-x3306a,A71EV2A-x0812a,0.46,True,
A71EV2A-x3324a,A71EV2A-x0812a,0.46,True,
A71EV2A-x3371a,A71EV2A-x0812a,0.46938775510204084,True,
A71EV2A-x3379a,A71EV2A-x0812a,0.4423076923076923,True,
A71EV2A-x3392a,A71EV2A-x0739a,0.208955223880597,True,
A71EV2A-x3403a,A71EV2A-x0554b,0.27586206896551724,True,
A71EV2A-x3408a,A71EV2A-x0926a,0.4,True,
A71EV2A-x3410a,A71EV2A-x0812a,0.2459016393442623,True,
A71EV2A-x3417a,A71EV2A-x0926a,0.5116279069767442,True,
A71EV2A-x3419a,A71EV2A-x0812a,0.32142857142857145,True,
A71EV2A-x3435a,A71EV2A-x1292a,0.22448979591836735,True,
A71EV2A-x3436a,A71EV2A-x0556a,0.23333333333333334,True,
A71EV2A-x3450a,A71EV2A-x0926a,0.46153846153846156,True,
A71EV2A-x3480a,A71EV2A-x0926a,0.3793103448275862,True,
A71EV2A-x3483a,A71EV2A-x0926a,0.5,True,
A71EV2A-x3485a,A71EV2A-x0926a,0.4528301886792453,True,
A71EV2A-x3488a,A71EV2A-x0732a,0.2909090909090909,True,
A71EV2A-x3489a,A71EV2A-x0926a,0.4716981132075472,True,
A71EV2A-x3509a,A71EV2A-x0926a,0.375,True,
A71EV2A-x3509b,A71EV2A-x0926a,0.375,True,
A71EV2A-x3510a,A71EV2A-x0926a,0.44,True,
A71EV2A-x3521a,A71EV2A-x0853a,0.203125,True,
A71EV2A-x3521b,A71EV2A-x0853a,0.203125,True,
A71EV2A-x3522a,A71EV2A-x0732a,0.32,True,
A71EV2A-x3522b,A71EV2A-x0732a,0.32,True,
A71EV2A-x3546a,A71EV2A-x0926a,0.5294117647058824,True,
A71EV2A-x3548a,A71EV2A-x0926a,0.5192307692307693,True,
A71EV2A-x3550a,A71EV2A-x0926a,0.3392857142857143,True,
A71EV2A-x3550b,A71EV2A-x0926a,0.3392857142857143,True,
A71EV2A-x3556a,A71EV2A-x0926a,0.3620689655172414,True,
A71EV2A-x3557a,A71EV2A-x0926a,0.5294117647058824,True,
A71EV2A-x3557b,A71EV2A-x0926a,0.5294117647058824,True,
A71EV2A-x3564a,A71EV2A-x0487a,0.35555555555555557,True,
A71EV2A-x3568a,A71EV2A-x0739a,0.2537313432835821,True,
A71EV2A-x3571a,A71EV2A-x0926a,0.52,True,
A71EV2A-x3571b,A71EV2A-x0926a,0.52,True,
A71EV2A-x3575a,A71EV2A-x0926a,0.4909090909090909,True,
A71EV2A-x3579a,A71EV2A-x0926a,0.32142857142857145,True,
A71EV2A-x3581a,A71EV2A-x0926a,0.46,True,
A71EV2A-x3585a,A71EV2A-x0926a,0.36666666666666664,True,
A71EV2A-x3593a,A71EV2A-x0812a,0.4423076923076923,True,
A71EV2A-x3606a,A71EV2A-x0926a,0.43103448275862066,True,
A71EV2A-x3612a,A71EV2A-x0926a,0.4117647058823529,True,
A71EV2A-x3616a,A71EV2A-x0926a,0.4423076923076923,True,
A71EV2A-x3616b,A71EV2A-x0926a,0.4423076923076923,True,
A71EV2A-x3618a,A71EV2A-x0926a,0.40350877192982454,True,
A71EV2A-x3618b,A71EV2A-x0926a,0.40350877192982454,True,
A71EV2A-x3621a,A71EV2A-x1019a,0.3137254901960784,True,
A71EV2A-x3623a,A71EV2A-x0719a,0.4318181818181818,True,
A71EV2A-x3634a,A71EV2A-x1019a,0.2962962962962963,True,
A71EV2A-x3663a,A71EV2A-x0926a,0.3157894736842105,True,
A71EV2A-x3665a,A71EV2A-x0926a,0.3220338983050847,True,
A71EV2A-x3685a,A71EV2A-x0926a,0.3103448275862069,True,
A71EV2A-x3694a,A71EV2A-x0926a,0.3157894736842105,True,
A71EV2A-x3694b,A71EV2A-x0926a,0.3157894736842105,True,
A71EV2A-x3706a,A71EV2A-x0926a,0.42592592592592593,True,
A71EV2A-x3706b,A71EV2A-x0926a,0.42592592592592593,True,
A71EV2A-x3849a,A71EV2A-x0926a,0.5192307692307693,True,
A71EV2A-x3858a,A71EV2A-x0926a,0.5294117647058824,True,
A71EV2A-x3858b,A71EV2A-x0926a,0.5294117647058824,True,
A71EV2A-x3862a,A71EV2A-x0926a,0.46153846153846156,True,
A71EV2A-x3867a,A71EV2A-x0884a,0.2826086956521739,True,
A71EV2A-x3868a,A71EV2A-x0926a,0.46153846153846156,True,
A71EV2A-x3869a,A71EV2A-x0926a,0.5192307692307693,True,
A71EV2A-x3883a,A71EV2A-x0926a,0.46153846153846156,True,
A71EV2A-x3884a,A71EV2A-x0926a,0.4,True,
A71EV2A-x3884b,A71EV2A-x0926a,0.4,True,
A71EV2A-x3890a,A71EV2A-x0926a,0.47058823529411764,True,
A71EV2A-x3895a,A71EV2A-x0375a,0.29411764705882354,True,
A71EV2A-x3897a,A71EV2A-x0926a,0.5192307692307693,True,
A71EV2A-x3901a,A71EV2A-x0926a,0.3103448275862069,True,
A71EV2A-x3908a,A71EV2A-x0926a,0.42105263157894735,True,
A71EV2A-x3914a,A71EV2A-x0926a,0.44642857142857145,True,
A71EV2A-x3920a,A71EV2A-x0926a,0.5192307692307693,True,
A71EV2A-x3936a,A71EV2A-x0926a,0.52,True,
A71EV2A-x3937a,A71EV2A-x0926a,0.43636363636363634,True,
A71EV2A-x3938a,A71EV2A-x0926a,0.4583333333333333,True,
A71EV2A-x3939a,A71EV2A-x0926a,0.46153846153846156,True,
A71EV2A-x3940a,A71EV2A-x0926a,0.5192307692307693,True,
A71EV2A-x3942a,A71EV2A-x0926a,0.5294117647058824,True,
A71EV2A-x3944a,A71EV2A-x0926a,0.4098360655737705,True,
A71EV2A-x3954a,A71EV2A-x0926a,0.42857142857142855,True,
A71EV2A-x3956a,A71EV2A-x0375a,0.2830188679245283,True,
A71EV2A-x3963a,A71EV2A-x0926a,0.47058823529411764,True,
A71EV2A-x3963b,A71EV2A-x0926a,0.47058823529411764,True,
A71EV2A-x3968a,A71EV2A-x0926a,0.41818181818181815,True,
A71EV2A-x3975a,A71EV2A-x0926a,0.4230769230769231,True,
A71EV2A-x3977a,A71EV2A-x0922a,0.3333333333333333,True,
A71EV2A-x3977b,A71EV2A-x0922a,0.3333333333333333,True,
A71EV2A-x3981a,A71EV2A-x0926a,0.4230769230769231,True,
A71EV2A-x3982a,A71EV2A-x0926a,0.44680851063829785,True,
A71EV2A-x3986a,A71EV2A-x0926a,0.39622641509433965,True,
A71EV2A-x3986b,A71EV2A-x0926a,0.39622641509433965,True,
A71EV2A-x3989a,A71EV2A-x0926a,0.3508771929824561,True,
A71EV2A-x3990a,A71EV2A-x1019a,0.2807017543859649,True,
A71EV2A-x3992a,A71EV2A-x0926a,0.35714285714285715,True,
A71EV2A-x3992b,A71EV2A-x0926a,0.35714285714285715,True,
A71EV2A-x3993a,A71EV2A-x0926a,0.3125,True,
A71EV2A-x3993b,A71EV2A-x0926a,0.3125,True,
A71EV2A-x4012a,A71EV2A-x0926a,0.47058823529411764,True,
A71EV2A-x4012b,A71EV2A-x0926a,0.47058823529411764,True,
A71EV2A-x4017a,A71EV2A-x0926a,0.3728813559322034,True,
A71EV2A-x4017b,A71EV2A-x0926a,0.3728813559322034,True,
A71EV2A-x4018a,A71EV2A-x0926a,0.4423076923076923,True,
A71EV2A-x4018b,A71EV2A-x0926a,0.4423076923076923,True,
A71EV2A-x4020a,A71EV2A-x0926a,0.5102040816326531,True,
A71EV2A-x4020b,A71EV2A-x0926a,0.5102040816326531,True,
A71EV2A-x4028a,A71EV2A-x0926a,0.4909090909090909,True,
A71EV2A-x4029a,A71EV2A-x0926a,0.32142857142857145,True,
A71EV2A-x4031a,A71EV2A-x0926a,0.43636363636363634,True,
A71EV2A-x4031b,A71EV2A-x0926a,0.43636363636363634,True,
A71EV2A-x4032a,A71EV2A-x0926a,0.3157894736842105,True,
A71EV2A-x4032b,A71EV2A-x0926a,0.3157894736842105,True,
A71EV2A-x4035a,A71EV2A-x0926a,0.4444444444444444,True,
A71EV2A-x4035b,A71EV2A-x0926a,0.4444444444444444,True,
A71EV2A-x4202a,A71EV2A-x0926a,0.3888888888888889,True,
A71EV2A-x4202b,A71EV2A-x0926a,0.3888888888888889,True,
A71EV2A-x4203a,A71EV2A-x0926a,0.5192307692307693,True,
A71EV2A-x4207a,A71EV2A-x0926a,0.43636363636363634,True,
A71EV2A-x4207b,A71EV2A-x0926a,0.43636363636363634,True,
A71EV2A-x4209a,A71EV2A-x0926a,0.5294117647058824,True,
A71EV2A-x4214a,A71EV2A-x0926a,0.39622641509433965,True,
A71EV2A-x4214b,A71EV2A-x0926a,0.39622641509433965,True,
A71EV2A-x4237a,A71EV2A-x0926a,0.39285714285714285,True,
A71EV2A-x4237b,A71EV2A-x0926a,0.39285714285714285,True,
A71EV2A-x4237c,A71EV2A-x0926a,0.39285714285714285,True,
A71EV2A-x4237d,A71EV2A-x0926a,0.39285714285714285,True,
A71EV2A-x4239a,A71EV2A-x0926a,0.2857142857142857,True,
A71EV2A-x4254a,A71EV2A-x0926a,0.43137254901960786,True,
A71EV2A-x4260a,A71EV2A-x0926a,0.3620689655172414,True,
A71EV2A-x4274a,A71EV2A-x0926a,0.4,True,
A71EV2A-x4274b,A71EV2A-x0926a,0.4,True,
A71EV2A-x4283a,A71EV2A-x0926a,0.5192307692307693,True,
A71EV2A-x4283b,A71EV2A-x0926a,0.5192307692307693,True,
A71EV2A-x4290a,A71EV2A-x0926a,0.46296296296296297,True,
A71EV2A-x4291a,A71EV2A-x0926a,0.4807692307692308,True,
A71EV2A-x4292a,A71EV2A-x0926a,0.46296296296296297,True,
A71EV2A-x4295a,A71EV2A-x0375a,0.2777777777777778,True,
A71EV2A-x4298a,A71EV2A-x0926a,0.4444444444444444,True,
A71EV2A-x4303a,A71EV2A-x0926a,0.41379310344827586,True,
A71EV2A-x4303b,A71EV2A-x0926a,0.41379310344827586,True,
A71EV2A-x4304a,A71EV2A-x0926a,0.4,True,
A71EV2A-x4305a,A71EV2A-x0926a,0.41818181818181815,True,
A71EV2A-x4306a,A71EV2A-x0926a,0.40350877192982454,True,
A71EV2A-x4308a,A71EV2A-x0926a,0.375,True,
A71EV2A-x4309a,A71EV2A-x0926a,0.423728813559322,True,
A71EV2A-x4309b,A71EV2A-x0926a,0.423728813559322,True,
A71EV2A-x4310a,A71EV2A-x0926a,0.41379310344827586,True,
A71EV2A-x4310b,A71EV2A-x0926a,0.41379310344827586,True,
A71EV2A-x4311a,A71EV2A-x0926a,0.41509433962264153,True,
A71EV2A-x4312a,A71EV2A-x0926a,0.22950819672131148,True,
A71EV2A-x4313a,A71EV2A-x0375a,0.2777777777777778,True,
A71EV2A-x4315a,A71EV2A-x0853a,0.25,True,
A71EV2A-x4316a,A71EV2A-x0926a,0.2833333333333333,True,
A71EV2A-x4317a,A71EV2A-x0926a,0.288135593220339,True,
A71EV2A-x4319a,A71EV2A-x0926a,0.4716981132075472,True,
A71EV2A-x4320a,A71EV2A-x0926a,0.42105263157894735,True,
A71EV2A-x4321a,A71EV2A-x0926a,0.47058823529411764,True,
A71EV2A-x4321b,A71EV2A-x0926a,0.47058823529411764,True,
A71EV2A-x4322a,A71EV2A-x0926a,0.4807692307692308,True,
A71EV2A-x4324a,A71EV2A-x0926a,0.26666666666666666,True,
A71EV2A-x4331a,A71EV2A-x0926a,0.5434782608695652,True,
A71EV2A-x4331b,A71EV2A-x0926a,0.5434782608695652,True,
A71EV2A-x4333a,A71EV2A-x0926a,0.49019607843137253,True,
A71EV2A-x4334a,A71EV2A-x0926a,0.4807692307692308,True,
A71EV2A-x4334b,A71EV2A-x0926a,0.4807692307692308,True,
A71EV2A-x4336a,A71EV2A-x0926a,0.5,True,
A71EV2A-x4341a,A71EV2A-x0926a,0.4444444444444444,True,
A71EV2A-x4342a,A71EV2A-x0926a,0.43636363636363634,True,
A71EV2A-x4343a,A71EV2A-x0926a,0.4528301886792453,True,
A71EV2A-x4343b,A71EV2A-x0926a,0.4528301886792453,True,
A71EV2A-x4344a,A71EV2A-x0926a,0.46153846153846156,True,
A71EV2A-x4346a,A71EV2A-x0926a,0.43636363636363634,True,
A71EV2A-x4347a,A71EV2A-x0926a,0.5192307692307693,True,
A71EV2A-x4350a,A71EV2A-x0926a,0.49019607843137253,True,
A71EV2A-x4351a,A71EV2A-x0812a,0.24561403508771928,True,
A71EV2A-x4365a,A71EV2A-x0926a,0.4716981132075472,True,
A71EV2A-x4365b,A71EV2A-x0926a,0.4716981132075472,True,
A71EV2A-x4368a,A71EV2A-x0926a,0.5957446808510638,True,
A71EV2A-x4372a,A71EV2A-x0926a,0.47058823529411764,True,
A71EV2A-x4373a,A71EV2A-x0926a,0.4528301886792453,True,
A71EV2A-x4374a,A71EV2A-x0926a,0.5434782608695652,True,
A71EV2A-x4374b,A71EV2A-x0926a,0.5434782608695652,True,
A71EV2A-x4380a,A71EV2A-x0926a,0.46153846153846156,True,
A71EV2A-x4381a,A71EV2A-x0926a,0.4444444444444444,True,
A71EV2A-x4386a,A71EV2A-x0926a,0.5,True,
A71EV2A-x4388a,A71EV2A-x0926a,0.5,True,
A71EV2A-x4390a,A71EV2A-x0926a,0.3103448275862069,True,
A71EV2A-x4402a,A71EV2A-x0739a,0.23809523809523808,True,
A71EV2A-x4403a,A71EV2A-x0926a,0.47058823529411764,True,
A71EV2A-x4406a,A71EV2A-x0926a,0.3050847457627119,True,
A71EV2A-x4409a,A71EV2A-x0926a,0.24193548387096775,True,
A71EV2A-x4415a,A71EV2A-x0926a,0.41379310344827586,True,
A71EV2A-x4416a,A71EV2A-x0926a,0.36666666666666664,True,
A71EV2A-x4418a,A71EV2A-x0926a,0.3508771929824561,True,
A71EV2A-x4420a,A71EV2A-x0926a,0.265625,True,
A71EV2A-x4421a,A71EV2A-x0926a,0.42592592592592593,True,
A71EV2A-x4423a,A71EV2A-x0926a,0.3333333333333333,True,
A71EV2A-x4426a,A71EV2A-x0812a,0.288135593220339,True,
A71EV2A-x4429a,A71EV2A-x0926a,0.41379310344827586,True,
A71EV2A-x4431a,A71EV2A-x0926a,0.46296296296296297,True,
A71EV2A-x4445a,A71EV2A-x0926a,0.47058823529411764,True,
A71EV2A-x4445b,A71EV2A-x0926a,0.47058823529411764,True,
A71EV2A-x4447a,A71EV2A-x0926a,0.3728813559322034,True,
A71EV2A-x4447b,A71EV2A-x0926a,0.3728813559322034,True,
A71EV2A-x4449a,A71EV2A-x0926a,0.43636363636363634,True,
A71EV2A-x4449b,A71EV2A-x0926a,0.43636363636363634,True,
A71EV2A-x4451a,A71EV2A-x0926a,0.3684210526315789,True,
A71EV2A-x4451b,A71EV2A-x0926a,0.3684210526315789,True,
A71EV2A-x4456a,A71EV2A-x0926a,0.39622641509433965,True,
A71EV2A-x4456b,A71EV2A-x0926a,0.39622641509433965,True,
A71EV2A-x4461a,A71EV2A-x0926a,0.46153846153846156,True,
A71EV2A-x4463a,A71EV2A-x0926a,0.43636363636363634,True,
A71EV2A-x4464a,A71EV2A-x0926a,0.5319148936170213,True,
A71EV2A-x4467a,A71EV2A-x0926a,0.40384615384615385,True,
A71EV2A-x4472a,A71EV2A-x0926a,0.40384615384615385,True,
A71EV2A-x4476a,A71EV2A-x1019a,0.27586206896551724,True,
A71EV2A-x4489a,A71EV2A-x0926a,0.47058823529411764,True,
A71EV2A-x4489b,A71EV2A-x0926a,0.47058823529411764,True,
A71EV2A-x4490a,A71EV2A-x0554b,0.32142857142857145,True,
A71EV2A-x4494a,A71EV2A-x0926a,0.3793103448275862,True,
A71EV2A-x4496a,A71EV2A-x0926a,0.3620689655172414,True,
A71EV2A-x4509a,A71EV2A-x0926a,0.4074074074074074,True,
A71EV2A-x4510a,A71EV2A-x0926a,0.3793103448275862,True,
A71EV2A-x4514a,A71EV2A-x0926a,0.3888888888888889,True,
A71EV2A-x4516a,A71EV2A-x0926a,0.375,True,
A71EV2A-x4519a,A71EV2A-x0926a,0.42857142857142855,True,
A71EV2A-x4519b,A71EV2A-x0926a,0.42857142857142855,True,
A71EV2A-x4524a,A71EV2A-x0926a,0.43636363636363634,True,
A71EV2A-x4526a,A71EV2A-x0926a,0.4230769230769231,True,
A71EV2A-x4528a,A71EV2A-x0926a,0.41379310344827586,True,
A71EV2A-x4537a,A71EV2A-x0926a,0.2459016393442623,True,
A71EV2A-x4538a,A71EV2A-x0926a,0.375,True,
A71EV2A-x4540a,A71EV2A-x0926a,0.4444444444444444,True,
A71EV2A-x4541a,A71EV2A-x0926a,0.375,True,
A71EV2A-x4541b,A71EV2A-x0926a,0.375,True,
A71EV2A-x4544a,A71EV2A-x0926a,0.45454545454545453,True,
A71EV2A-x4546a,A71EV2A-x0554b,0.32142857142857145,True,
A71EV2A-x4547a,A71EV2A-x0812a,0.4230769230769231,True,
A71EV2A-x4554a,A71EV2A-x0926a,0.42105263157894735,True,
A71EV2A-x4559a,A71EV2A-x0926a,0.46296296296296297,True,
A71EV2A-x4559b,A71EV2A-x0926a,0.46296296296296297,True,
A71EV2A-x4563a,A71EV2A-x0926a,0.28,True,
A71EV2A-x4570a,A71EV2A-x0926a,0.4074074074074074,True,
A71EV2A-x4571a,A71EV2A-x0926a,0.3793103448275862,True,
A71EV2A-x4575a,A71EV2A-x0926a,0.3888888888888889,True,
A71EV2A-x4580a,A71EV2A-x0926a,0.42857142857142855,True,
A71EV2A-x4580b,A71EV2A-x0926a,0.42857142857142855,True,
A71EV2A-x4583a,A71EV2A-x0926a,0.41509433962264153,True,
A71EV2A-x4583b,A71EV2A-x0926a,0.41509433962264153,True,
A71EV2A-x4586a,A71EV2A-x0926a,0.4230769230769231,True,
A71EV2A-x4596a,A71EV2A-x0926a,0.2459016393442623,True,
A71EV2A-x4596b,A71EV2A-x0926a,0.2459016393442623,True,
A71EV2A-x4596c,A71EV2A-x0926a,0.2459016393442623,True,
A71EV2A-x4606a,A71EV2A-x0926a,0.3684210526315789,True,
A71EV2A-x4606b,A71EV2A-x0926a,0.3684210526315789,True,
A71EV2A-x4608a,A71EV2A-x0926a,0.4,True,
A71EV2A-x4611a,A71EV2A-x0926a,0.24193548387096775,True,
A71EV2A-x4611b,A71EV2A-x0926a,0.24193548387096775,True,
A71EV2A-x4644a,A71EV2A-x0926a,0.47058823529411764,True,
A71EV2A-x4644b,A71EV2A-x0926a,0.47058823529411764,True,
A71EV2A-x4650a,A71EV2A-x0926a,0.47058823529411764,True,
A71EV2A-x4654a,A71EV2A-x0926a,0.35,True,
A71EV2A-x4656a,A71EV2A-x0926a,0.3684210526315789,True,
A71EV2A-x4661a,A71EV2A-x0926a,0.2982456140350877,True,
A71EV2A-x4669a,A71EV2A-x0926a,0.4528301886792453,True,
A71EV2A-x4669b,A71EV2A-x0926a,0.4528301886792453,True,
A71EV2A-x4670a,A71EV2A-x0926a,0.46296296296296297,True,
A71EV2A-x4673a,A71EV2A-x0926a,0.46153846153846156,True,
A71EV2A-x4673b,A71EV2A-x0926a,0.46153846153846156,True,
A71EV2A-x4674a,A71EV2A-x0926a,0.3559322033898305,True,
A71EV2A-x4674b,A71EV2A-x0926a,0.3559322033898305,True,
A71EV2A-x4674c,A71EV2A-x0926a,0.3559322033898305,True,
A71EV2A-x4675a,A71EV2A-x0926a,0.49019607843137253,True,
A71EV2A-x4684a,A71EV2A-x0926a,0.32142857142857145,True,
A71EV2A-x4689a,A71EV2A-x0926a,0.46296296296296297,True,
A71EV2A-x4694a,A71EV2A-x0926a,0.27586206896551724,True,
A71EV2A-x4695a,A71EV2A-x0926a,0.27586206896551724,True,
A71EV2A-x4701a,A71EV2A-x0926a,0.5434782608695652,True,
A71EV2A-x4703a,A71EV2A-x0926a,0.39285714285714285,True,
A71EV2A-x4706a,A71EV2A-x0926a,0.5,True,
A71EV2A-x4707a,A71EV2A-x0926a,0.5714285714285714,True,
A71EV2A-x4708a,A71EV2A-x0926a,0.45652173913043476,True,
A71EV2A-x4710a,A71EV2A-x0926a,0.26666666666666666,True,
A71EV2A-x4711a,A71EV2A-x0926a,0.26666666666666666,True,
A71EV2A-x4712a,A71EV2A-x0926a,0.4074074074074074,True,
A71EV2A-x4715a,A71EV2A-x0911a,0.2222222222222222,True,
A71EV2A-x4715b,A71EV2A-x0911a,0.2222222222222222,True,
A71EV2A-x4721a,A71EV2A-x0911a,0.22033898305084745,True,
A71EV2A-x4724a,A71EV2A-x0926a,0.2786885245901639,True,
A71EV2A-x4727a,A71EV2A-x0926a,0.4,True,
A71EV2A-x4735a,A71EV2A-x1140a,0.21875,True,
A71EV2A-x4736a,A71EV2A-x0926a,0.48936170212765956,True,
A71EV2A-x4739a,A71EV2A-x0926a,0.288135593220339,True,
A71EV2A-x4742a,A71EV2A-x0926a,0.3888888888888889,True,
A71EV2A-x4742b,A71EV2A-x0926a,0.3888888888888889,True,
A71EV2A-x4745a,A71EV2A-x0926a,0.3050847457627119,True,
A71EV2A-x4746a,A71EV2A-x0926a,0.288135593220339,True,
A71EV2A-x4748a,A71EV2A-x0926a,0.2711864406779661,True,
A71EV2A-x4751a,A71EV2A-x0926a,0.29310344827586204,True,
A71EV2A-x4752a,A71EV2A-x0739a,0.2,True,
A71EV2A-x4753a,A71EV2A-x0926a,0.2222222222222222,True,
A71EV2A-x4771a,A71EV2A-x0739a,0.19444444444444445,True,
A71EV2A-x4774a,A71EV2A-x0926a,0.49019607843137253,True,
A71EV2A-x4777a,A71EV2A-x0926a,0.27692307692307694,True,
A71EV2A-x4778a,A71EV2A-x0926a,0.27692307692307694,True,
A71EV2A-x4784a,A71EV2A-x0926a,0.5106382978723404,True,
A71EV2A-x4786a,A71EV2A-x0926a,0.4772727272727273,True,
A71EV2A-x4791a,A71EV2A-x0911a,0.234375,True,
A71EV2A-x4794a,A71EV2A-x0926a,0.3090909090909091,True,
A71EV2A-x4798a,A71EV2A-x1019a,0.19696969696969696,True,
A71EV2A-x4806a,A71EV2A-x0926a,0.40384615384615385,True,
A71EV2A-x4806b,A71EV2A-x0926a,0.40384615384615385,True,
A71EV2A-x4809a,A71EV2A-x0926a,0.3103448275862069,True,
A71EV2A-x4812a,A71EV2A-x0926a,0.46296296296296297,True,
A71EV2A-x4824a,A71EV2A-x0926a,0.4423076923076923,True,
A71EV2A-x4824b,A71EV2A-x0926a,0.4423076923076923,True,
A71EV2A-x4826a,A71EV2A-x0926a,0.38596491228070173,True,
A71EV2A-x4826b,A71EV2A-x0926a,0.38596491228070173,True,
A71EV2A-x4827a,A71EV2A-x0926a,0.46296296296296297,True,
A71EV2A-x4827b,A71EV2A-x0926a,0.46296296296296297,True,
A71EV2A-x4829a,A71EV2A-x0926a,0.46153846153846156,True,
A71EV2A-x4829b,A71EV2A-x0926a,0.46153846153846156,True,
A71EV2A-x4836a,A71EV2A-x0926a,0.4,True,
A71EV2A-x4838a,A71EV2A-x0926a,0.3508771929824561,True,
A71EV2A-x4839a,A71EV2A-x0486a,0.25396825396825395,True,
A71EV2A-x4840a,A71EV2A-x0926a,0.5,True,
A71EV2A-x4843a,A71EV2A-x0926a,0.4067796610169492,True,
A71EV2A-x4845a,A71EV2A-x0926a,0.54,True,
A71EV2A-x4846a,A71EV2A-x0926a,0.44,True,
A71EV2A-x4847a,A71EV2A-x0926a,0.24193548387096775,True,
A71EV2A-x4851a,A71EV2A-x0926a,0.38596491228070173,True,
A71EV2A-x4855a,A71EV2A-x0926a,0.3333333333333333,True,
A71EV2A-x4856a,A71EV2A-x0926a,0.375,True,
A71EV2A-x4872a,A71EV2A-x0926a,0.41379310344827586,True,
A71EV2A-x4873a,A71EV2A-x0926a,0.43636363636363634,True,
A71EV2A-x4873b,A71EV2A-x0926a,0.43636363636363634,True,
A71EV2A-x4874a,A71EV2A-x0926a,0.4423076923076923,True,
A71EV2A-x4874b,A71EV2A-x0926a,0.4423076923076923,True,
A71EV2A-x4877a,A71EV2A-x0926a,0.38181818181818183,True,
A71EV2A-x4877b,A71EV2A-x0926a,0.38181818181818183,True,
A71EV2A-x4880a,A71EV2A-x0926a,0.24193548387096775,True,
A71EV2A-x4880b,A71EV2A-x0926a,0.24193548387096775,True,
A71EV2A-x4882a,A71EV2A-x0926a,0.48,True,
A71EV2A-x4882b,A71EV2A-x0926a,0.48,True,
A71EV2A-x4883a,A71EV2A-x0926a,0.38596491228070173,True,
A71EV2A-x4883b,A71EV2A-x0926a,0.38596491228070173,True,
A71EV2A-x4885a,A71EV2A-x0926a,0.29310344827586204,True,
A71EV2A-x4885b,A71EV2A-x0926a,0.29310344827586204,True,
A71EV2A-x4894a,A71EV2A-x0926a,0.22580645161290322,True,
A71EV2A-x4895a,A71EV2A-x0926a,0.38596491228070173,True,
A71EV2A-x4895b,A71EV2A-x0926a,0.38596491228070173,True,
A71EV2A-x4899a,A71EV2A-x0926a,0.35,True,
A71EV2A-x4899b,A71EV2A-x0926a,0.35,True,
A71EV2A-x4903a,A71EV2A-x0926a,0.46153846153846156,True,
A71EV2A-x4903b,A71EV2A-x0926a,0.46153846153846156,True,
A71EV2A-x4908a,A71EV2A-x0926a,0.4444444444444444,True,
A71EV2A-x4914a,A71EV2A-x0926a,0.46296296296296297,True,
A71EV2A-x4918a,A71EV2A-x0926a,0.46296296296296297,True,
A71EV2A-x4921a,A71EV2A-x0926a,0.25862068965517243,True,
A71EV2A-x4922a,A71EV2A-x0926a,0.26785714285714285,True,
A71EV2A-x4924a,A71EV2A-x0528a,0.3103448275862069,True,
A71EV2A-x4926a,A71EV2A-x0926a,0.23880597014925373,True,
A71EV2A-x4928a,A71EV2A-x0926a,0.2807017543859649,True,
A71EV2A-x4934a,A71EV2A-x0926a,0.234375,True,
A71EV2A-x4935a,A71EV2A-x0926a,0.49019607843137253,True,
A71EV2A-x4940a,A71EV2A-x0926a,0.22580645161290322,True,
A71EV2A-x4943a,A71EV2A-x0926a,0.3888888888888889,True,
A71EV2A-x4943b,A71EV2A-x0926a,0.3888888888888889,True,
A71EV2A-x4947a,A71EV2A-x0911a,0.20634920634920634,True,
A71EV2A-x4949a,A71EV2A-x0926a,0.34375,True,
A71EV2A-x4954a,A71EV2A-x0926a,0.2807017543859649,True,
A71EV2A-x4959a,A71EV2A-x0926a,0.38181818181818183,True,
A71EV2A-x4959b,A71EV2A-x0926a,0.38181818181818183,True,
A71EV2A-x4963a,A71EV2A-x1019a,0.27586206896551724,True,
A71EV2A-x4963b,A71EV2A-x1019a,0.27586206896551724,True,
A71EV2A-x4967a,A71EV2A-x0926a,0.296875,True,
A71EV2A-x4967b,A71EV2A-x0926a,0.296875,True,
A71EV2A-x4967c,A71EV2A-x0926a,0.296875,True,
A71EV2A-x4974a,A71EV2A-x0486a,0.25396825396825395,True,
A71EV2A-x4977a,A71EV2A-x0926a,0.3492063492063492,True,
A71EV2A-x4977b,A71EV2A-x0926a,0.3492063492063492,True,
A71EV2A-x4979a,A71EV2A-x0926a,0.46153846153846156,True,
A71EV2A-x4979b,A71EV2A-x0926a,0.46153846153846156,True,
A71EV2A-x4980a,A71EV2A-x0486a,0.25396825396825395,True,
A71EV2A-x4986a,A71EV2A-x0926a,0.34375,True,
A71EV2A-x4986b,A71EV2A-x0926a,0.34375,True,
A71EV2A-x4992a,A71EV2A-x0926a,0.2542372881355932,True,
A71EV2A-x4994a,A71EV2A-x0812a,0.46808510638297873,True,
A71EV2A-x4998a,A71EV2A-x0926a,0.32075471698113206,True,
A71EV2A-x4998b,A71EV2A-x0926a,0.32075471698113206,True,
A71EV2A-x5015a,A71EV2A-x0926a,0.4444444444444444,True,
A71EV2A-x5015b,A71EV2A-x0926a,0.4444444444444444,True,
A71EV2A-x5016a,A71EV2A-x0926a,0.43636363636363634,True,
A71EV2A-x5022a,A71EV2A-x0926a,0.36065573770491804,True,
A71EV2A-x5022b,A71EV2A-x0926a,0.36065573770491804,True,
A71EV2A-x5028a,A71EV2A-x0926a,0.2711864406779661,True,
A71EV2A-x5036a,A71EV2A-x0926a,0.3103448275862069,True,
A71EV2A-x5036b,A71EV2A-x0926a,0.3103448275862069,True,
A71EV2A-x5039a,A71EV2A-x0926a,0.46296296296296297,True,
A71EV2A-x5039b,A71EV2A-x0926a,0.46296296296296297,True,
A71EV2A-x5052a,A71EV2A-x0926a,0.2631578947368421,True,
A71EV2A-x5065a,A71EV2A-x0926a,0.23333333333333334,True,
A71EV2A-x5073a,A71EV2A-x0926a,0.2631578947368421,True,
A71EV2A-x5079a,A71EV2A-x0926a,0.46153846153846156,True,
A71EV2A-x5079b,A71EV2A-x0926a,0.46153846153846156,True,
A71EV2A-x5081a,A71EV2A-x0926a,0.46153846153846156,True,
A71EV2A-x5081b,A71EV2A-x0926a,0.46153846153846156,True,
A71EV2A-x5082a,A71EV2A-x0926a,0.4444444444444444,True,
A71EV2A-x5082b,A71EV2A-x0926a,0.4444444444444444,True,
A71EV2A-x5090a,A71EV2A-x0926a,0.3392857142857143,True,
A71EV2A-x5091a,A71EV2A-x0911a,0.32727272727272727,True,
A71EV2A-x5104a,A71EV2A-x0926a,0.29310344827586204,True,
A71EV2A-x5106a,A71EV2A-x0812a,0.23333333333333334,True,
A71EV2A-x5150a,A71EV2A-x0926a,0.3392857142857143,True,
A71EV2A-x5151a,A71EV2A-x0926a,0.43636363636363634,True,
A71EV2A-x5171a,A71EV2A-x0926a,0.3148148148148148,True,
A71EV2A-x5171b,A71EV2A-x0926a,0.3148148148148148,True,
A71EV2A-x5177a,A71EV2A-x0926a,0.2459016393442623,True,
A71EV2A-x5182a,A71EV2A-x0926a,0.3064516129032258,True,
A71EV2A-x5200a,A71EV2A-x0926a,0.29310344827586204,True,
A71EV2A-x5203a,A71EV2A-x0926a,0.3620689655172414,True,
A71EV2A-x5203b,A71EV2A-x0926a,0.3620689655172414,True,
A71EV2A-x5210a,A71EV2A-x0926a,0.2631578947368421,True,
A71EV2A-x5210b,A71EV2A-x0926a,0.2631578947368421,True,
A71EV2A-x5212a,A71EV2A-x0926a,0.43636363636363634,True,
A71EV2A-x5213a,A71EV2A-x0926a,0.46153846153846156,True,
A71EV2A-x5213b,A71EV2A-x0926a,0.46153846153846156,True,
A71EV2A-x5219a,A71EV2A-x0926a,0.5111111111111111,True,
A71EV2A-x5219b,A71EV2A-x0926a,0.5111111111111111,True,
A71EV2A-x5221a,A71EV2A-x0926a,0.42857142857142855,True,
A71EV2A-x5222a,A71EV2A-x0926a,0.22535211267605634,True,
A71EV2A-x5226a,A71EV2A-x0451a,0.2698412698412698,True,
A71EV2A-x5231a,A71EV2A-x0926a,0.4791666666666667,True,
A71EV2A-x5247a,A71EV2A-x0926a,0.27419354838709675,True,
A71EV2A-x5247b,A71EV2A-x0926a,0.27419354838709675,True,
A71EV2A-x5249a,A71EV2A-x0926a,0.36065573770491804,True,
A71EV2A-x5255a,A71EV2A-x0922a,0.23214285714285715,True,
A71EV2A-x5258a,A71EV2A-x0812a,0.23333333333333334,True,
A71EV2A-x5261a,A71EV2A-x0926a,0.3492063492063492,True,
A71EV2A-x5262a,A71EV2A-x0812a,0.2,True,
A71EV2A-x5262b,A71EV2A-x0812a,0.2,True,
A71EV2A-x5268a,A71EV2A-x0926a,0.29310344827586204,True,
A71EV2A-x5276a,A71EV2A-x0926a,0.45454545454545453,True,
A71EV2A-x5277a,A71EV2A-x1140a,0.2727272727272727,True,
A71EV2A-x5278a,A71EV2A-x0926a,0.35,True,
A71EV2A-x5283a,A71EV2A-x0926a,0.3548387096774194,True,
A71EV2A-x5283b,A71EV2A-x0926a,0.3548387096774194,True,
A71EV2A-x5288a,A71EV2A-x0926a,0.4098360655737705,True,
A71EV2A-x5288b,A71EV2A-x0926a,0.4098360655737705,True,
A71EV2A-x5289a,A71EV2A-x0926a,0.4,True,
A71EV2A-x5289b,A71EV2A-x0926a,0.4,True,
A71EV2A-x5317a,A71EV2A-x0884a,0.25,True,
A71EV2A-x5339a,A71EV2A-x0926a,0.27419354838709675,True,
A71EV2A-x5339b,A71EV2A-x0926a,0.27419354838709675,True,
A71EV2A-x5351a,A71EV2A-x0926a,0.5365853658536586,True,
A71EV2A-x5359a,A71EV2A-x0926a,0.3275862068965517,True,
A71EV2A-x5359b,A71EV2A-x0926a,0.3275862068965517,True,
A71EV2A-x5366a,A71EV2A-x0926a,0.27419354838709675,True,
A71EV2A-x5366b,A71EV2A-x0926a,0.27419354838709675,True,
A71EV2A-x5381a,A71EV2A-x0554b,0.31666666666666665,True,
A71EV2A-x5381b,A71EV2A-x0554b,0.31666666666666665,True,
A71EV2A-x5383a,A71EV2A-x0926a,0.29508196721311475,True,
A71EV2A-x5387a,A71EV2A-x0926a,0.29310344827586204,True,
A71EV2A-x5387b,A71EV2A-x0926a,0.29310344827586204,True,
A71EV2A-x5388a,A71EV2A-x1019a,0.2711864406779661,True,
A71EV2A-x5389a,A71EV2A-x0926a,0.42105263157894735,True,
A71EV2A-x5393a,A71EV2A-x0926a,0.5319148936170213,True,
A71EV2A-x5394a,A71EV2A-x0926a,0.5106382978723404,True,
A71EV2A-x5394b,A71EV2A-x0926a,0.5106382978723404,True,
A71EV2A-x5398a,A71EV2A-x1019a,0.28125,True,
A71EV2A-x5401a,A71EV2A-x0926a,0.4782608695652174,True,
A71EV2A-x5402a,A71EV2A-x0926a,0.44,True,
A71EV2A-x5403a,A71EV2A-x0926a,0.43103448275862066,True,
A71EV2A-x5409a,A71EV2A-x0528a,0.32727272727272727,True,
A71EV2A-x5409b,A71EV2A-x0528a,0.32727272727272727,True,
A71EV2A-x5424a,A71EV2A-x0926a,0.5208333333333334,True,
A71EV2A-x5424b,A71EV2A-x0926a,0.5208333333333334,True,
A71EV2A-x5425a,A71EV2A-x0926a,0.5,True,
A71EV2A-x5425b,A71EV2A-x0926a,0.5,True,
A71EV2A-x5427a,A71EV2A-x0926a,0.4166666666666667,True,
A71EV2A-x5431a,A71EV2A-x0926a,0.2982456140350877,True,
A71EV2A-x5431b,A71EV2A-x0926a,0.2982456140350877,True,
A71EV2A-x5448a,A71EV2A-x0926a,0.43636363636363634,True,
A71EV2A-x5449a,A71EV2A-x0926a,0.43859649122807015,True,
A71EV2A-x5449b,A71EV2A-x0926a,0.43859649122807015,True,
A71EV2A-x5452a,A71EV2A-x0926a,0.36666666666666664,True,
A71EV2A-x5452b,A71EV2A-x0926a,0.36666666666666664,True,
A71EV2A-x5460a,A71EV2A-x0926a,0.25,True,
A71EV2A-x5461a,A71EV2A-x0926a,0.3157894736842105,True,
A71EV2A-x5462a,A71EV2A-x0926a,0.25862068965517243,True,
A71EV2A-x5466a,A71EV2A-x0926a,0.41818181818181815,True,
A71EV2A-x5475a,A71EV2A-x0926a,0.36666666666666664,True,
A71EV2A-x5475b,A71EV2A-x0926a,0.36666666666666664,True,
A71EV2A-x5479a,A71EV2A-x0926a,0.3898305084745763,True,
A71EV2A-x5482a,A71EV2A-x0926a,0.3770491803278688,True,
A71EV2A-x5488a,A71EV2A-x0926a,0.3333333333333333,True,
A71EV2A-x5489a,A71EV2A-x0926a,0.47058823529411764,True,
A71EV2A-x5489b,A71EV2A-x0926a,0.47058823529411764,True,
A71EV2A-x5494a,A71EV2A-x1019a,0.26229508196721313,True,
A71EV2A-x5497a,A71EV2A-x0911a,0.2631578947368421,True,
A71EV2A-x5509a,A71EV2A-x0926a,0.423728813559322,True,
A71EV2A-x5512a,A71EV2A-x0926a,0.38461538461538464,True,
A71EV2A-x5512b,A71EV2A-x0926a,0.38461538461538464,True,
A71EV2A-x5525a,A71EV2A-x0926a,0.4426229508196721,True,
A71EV2A-x5525b,A71EV2A-x0926a,0.4426229508196721,True,
A71EV2A-x5526a,A71EV2A-x0926a,0.43859649122807015,True,
A71EV2A-x5533a,A71EV2A-x0926a,0.38333333333333336,True,
A71EV2A-x5539a,A71EV2A-x0926a,0.4444444444444444,True,
A71EV2A-x5539b,A71EV2A-x0926a,0.4444444444444444,True,
A71EV2A-x5544a,A71EV2A-x0926a,0.4126984126984127,True,
A71EV2A-x5550a,A71EV2A-x0926a,0.40384615384615385,True,
A71EV2A-x5556a,A71EV2A-x0926a,0.24193548387096775,True,
A71EV2A-x5559a,A71EV2A-x0926a,0.38596491228070173,True,
A71EV2A-x5570a,A71EV2A-x0926a,0.3148148148148148,True,
A71EV2A-x5572a,A71EV2A-x0926a,0.2542372881355932,True,
A71EV2A-x5576a,A71EV2A-x0926a,0.4230769230769231,True,
A71EV2A-x5576b,A71EV2A-x0926a,0.4230769230769231,True,
A71EV2A-x5581a,A71EV2A-x0926a,0.5,True,
A71EV2A-x5584a,A71EV2A-x0926a,0.3898305084745763,True,
A71EV2A-x5584b,A71EV2A-x0926a,0.3898305084745763,True,
A71EV2A-x5594a,A71EV2A-x0926a,0.39285714285714285,True,
A71EV2A-x5594b,A71EV2A-x0926a,0.39285714285714285,True,
A71EV2A-x5598a,A71EV2A-x0926a,0.3492063492063492,True,
A71EV2A-x5598b,A71EV2A-x0926a,0.3492063492063492,True,
A71EV2A-x5599a,A71EV2A-x0926a,0.42592592592592593,True,
A71EV2A-x5599b,A71EV2A-x0926a,0.42592592592592593,True,
A71EV2A-x5604a,A71EV2A-x0926a,0.3968253968253968,True,
A71EV2A-x5608a,A71EV2A-x0926a,0.26785714285714285,True,
A71EV2A-x5608b,A71EV2A-x0926a,0.26785714285714285,True,
A71EV2A-x5635a,A71EV2A-x0926a,0.234375,True,
A71EV2A-x5635b,A71EV2A-x0926a,0.234375,True,
A71EV2A-x5665a,A71EV2A-x0926a,0.26229508196721313,True,
A71EV2A-x5666a,A71EV2A-x0926a,0.35714285714285715,True,
A71EV2A-x5673a,A71EV2A-x0926a,0.2459016393442623,True,
A71EV2A-x5676a,A71EV2A-x0926a,0.26229508196721313,True,
A71EV2A-x5687a,A71EV2A-x0926a,0.39285714285714285,True,
A71EV2A-x5699a,A71EV2A-x0926a,0.25806451612903225,True,
A71EV2A-x5705a,A71EV2A-x0926a,0.3333333333333333,True,
A71EV2A-x5705b,A71EV2A-x0926a,0.3333333333333333,True,
A71EV2A-x5721a,A71EV2A-x0486a,0.25,True,
A71EV2A-x5721b,A71EV2A-x0486a,0.25,True,
A71EV2A-x5727a,A71EV2A-x0309a,0.23529411764705882,True,
A71EV2A-x5728a,A71EV2A-x0926a,0.2833333333333333,True,
A71EV2A-x5744a,A71EV2A-x0926a,0.22727272727272727,True,
A71EV2A-x5747a,A71EV2A-x0926a,0.4583333333333333,True,
A71EV2A-x5753a,A71EV2A-x0926a,0.3275862068965517,True,
A71EV2A-x5758a,A71EV2A-x1019a,0.26666666666666666,True,
A71EV2A-x5758b,A71EV2A-x1019a,0.26666666666666666,True,
A71EV2A-x5764a,A71EV2A-x0926a,0.30357142857142855,True,
A71EV2A-x5764b,A71EV2A-x0926a,0.30357142857142855,True,
A71EV2A-x5766a,A71EV2A-x0486a,0.25,True,
A71EV2A-x5777a,A71EV2A-x0486a,0.25,True,
A71EV2A-x5777b,A71EV2A-x0486a,0.25,True,
A71EV2A-x5779a,A71EV2A-x0926a,0.35714285714285715,True,
A71EV2A-x5788a,A71EV2A-x0926a,0.3968253968253968,True,
A71EV2A-x5793a,A71EV2A-x0926a,0.42,True,
A71EV2A-x5793b,A71EV2A-x0926a,0.42,True,
A71EV2A-x5798a,A71EV2A-x1140a,0.3018867924528302,True,
A71EV2A-x5798b,A71EV2A-x1140a,0.3018867924528302,True,
A71EV2A-x5802a,A71EV2A-x1140a,0.3018867924528302,True,
A71EV2A-x5802b,A71EV2A-x1140a,0.3018867924528302,True,
A71EV2A-x5808a,A71EV2A-x0926a,0.36231884057971014,True,
A71EV2A-x5808b,A71EV2A-x0926a,0.36231884057971014,True,
A71EV2A-x5819a,A71EV2A-x0926a,0.27419354838709675,True,
A71EV2A-x5819b,A71EV2A-x0926a,0.27419354838709675,True,
A71EV2A-x5822a,A71EV2A-x0853a,0.31666666666666665,True,
A71EV2A-x5824a,A71EV2A-x0926a,0.3333333333333333,True,
A71EV2A-x5824b,A71EV2A-x0926a,0.3333333333333333,True,
A71EV2A-x5830a,A71EV2A-x1019a,0.26229508196721313,True,
A71EV2A-x5833a,A71EV2A-x0926a,0.3968253968253968,True,
A71EV2A-x5836a,A71EV2A-x0911a,0.17105263157894737,True,
A71EV2A-x5850a,A71EV2A-x0926a,0.38596491228070173,True,
A71EV2A-x5854a,A71EV2A-x0812a,0.20588235294117646,True,
A71EV2A-x5857a,A71EV2A-x0926a,0.3787878787878788,True,
A71EV2A-x5864a,A71EV2A-x0926a,0.3787878787878788,True,
A71EV2A-x5868a,A71EV2A-x0926a,0.26666666666666666,True,
A71EV2A-x5877a,A71EV2A-x0926a,0.38571428571428573,True,
A71EV2A-x5879a,A71EV2A-x0926a,0.38461538461538464,True,
A71EV2A-x5879b,A71EV2A-x0926a,0.38461538461538464,True,
A71EV2A-x5884a,A71EV2A-x0926a,0.352112676056338,True,
A71EV2A-x5891a,A71EV2A-x0926a,0.2714285714285714,True,
A71EV2A-x5894a,A71EV2A-x0812a,0.25,True,
A71EV2A-x5898a,A71EV2A-x0812a,0.22580645161290322,True,
A71EV2A-x5949a,A71EV2A-x0926a,0.29508196721311475,True,
A71EV2A-x5992a,A71EV2A-x0926a,0.3050847457627119,True,
A71EV2A-x5992b,A71EV2A-x0926a,0.3050847457627119,True,
A71EV2A-x5995a,A71EV2A-x0926a,0.38596491228070173,True,
A71EV2A-x5995b,A71EV2A-x0926a,0.38596491228070173,True,
A71EV2A-x6021a,A71EV2A-x0926a,0.43859649122807015,True,
A71EV2A-x6025a,A71EV2A-x0926a,0.35714285714285715,True,
A71EV2A-x6027a,A71EV2A-x0926a,0.43859649122807015,True,
A71EV2A-x6028a,A71EV2A-x0926a,0.38461538461538464,True,
A71EV2A-x6032a,A71EV2A-x0926a,0.38461538461538464,True,
A71EV2A-x6035a,A71EV2A-x0926a,0.36764705882352944,True,
A71EV2A-x6714a,A71EV2A-x0926a,0.234375,True,
A71EV2A-x6726a,A71EV2A-x0926a,0.296875,True,
A71EV2A-x6730a,A71EV2A-x0926a,0.21428571428571427,True,
A71EV2A-x6736a,A71EV2A-x0926a,0.4090909090909091,True,
A71EV2A-x6738a,A71EV2A-x0926a,0.3787878787878788,True,
A71EV2A-x6739a,A71EV2A-x0926a,0.352112676056338,True,
A71EV2A-x6746a,A71EV2A-x0487a,0.2153846153846154,True,
A71EV2A-x6769a,A71EV2A-x0926a,0.352112676056338,True,
A71EV2A-x6776a,A71EV2A-x0926a,0.2878787878787879,True,
A71EV2A-x6778a,A71EV2A-x0926a,0.373134328358209,True,
A71EV2A-x6791a,A71EV2A-x0926a,0.38461538461538464,True,
A71EV2A-x6794a,A71EV2A-x0926a,0.38461538461538464,True,
A71EV2A-x6797a,A71EV2A-x0517a,0.3424657534246575,True,
A71EV2A-x6802a,A71EV2A-x0926a,0.373134328358209,True,
A71EV2A-x6808a,A71EV2A-x0926a,0.3968253968253968,True,
A71EV2A-x6816a,A71EV2A-x0926a,0.2638888888888889,True,
A71EV2A-x6816b,A71EV2A-x0926a,0.2638888888888889,True,
A71EV2A-x6818a,A71EV2A-x0926a,0.2835820895522388,True,
A71EV2A-x6819a,A71EV2A-x0926a,0.2878787878787879,True,
A71EV2A-x6821a,A71EV2A-x0926a,0.2835820895522388,True,
A71EV2A-x6827a,A71EV2A-x0926a,0.38461538461538464,True,
A71EV2A-x6832a,A71EV2A-x0926a,0.4166666666666667,True,
A71EV2A-x6838a,A71EV2A-x1140a,0.18840579710144928,True,
A71EV2A-x6841a,A71EV2A-x0926a,0.3076923076923077,True,
A71EV2A-x6844a,A71EV2A-x0926a,0.3076923076923077,True,
A71EV2A-x6847a,A71EV2A-x0926a,0.2878787878787879,True,
A71EV2A-x6851a,A71EV2A-x0926a,0.2878787878787879,True,
A71EV2A-x6853a,A71EV2A-x0926a,0.30158730158730157,True,
A71EV2A-x6856a,A71EV2A-x0926a,0.2602739726027397,True,
A71EV2A-x6877a,A71EV2A-x0812a,0.20588235294117646,True,
A71EV2A-x6895a,A71EV2A-x0926a,0.3968253968253968,True,
A71EV2A-x6914a,A71EV2A-x0926a,0.3472222222222222,True,
A71EV2A-x6920a,A71EV2A-x0926a,0.423728813559322,True,
A71EV2A-x6925a,A71EV2A-x0926a,0.390625,True,
A71EV2A-x6932a,A71EV2A-x1019a,0.26229508196721313,True,
A71EV2A-x6934a,A71EV2A-x0926a,0.2903225806451613,True,
A71EV2A-x6938a,A71EV2A-x0926a,0.4032258064516129,True,
A71EV2A-x6944a,A71EV2A-x0926a,0.2727272727272727,True,
A71EV2A-x6945a,A71EV2A-x0926a,0.2602739726027397,True,
A71EV2A-x6948a,A71EV2A-x0926a,0.373134328358209,True,
A71EV2A-x6948b,A71EV2A-x0926a,0.373134328358209,True,
A71EV2A-x6955a,A71EV2A-x0926a,0.36231884057971014,True,
A71EV2A-x6955b,A71EV2A-x0926a,0.36231884057971014,True,
A71EV2A-x6973a,A71EV2A-x0926a,0.30303030303030304,True,
A71EV2A-x6980a,A71EV2A-x0812a,0.20588235294117646,True,
A71EV2A-x6991a,A71EV2A-x0926a,0.2835820895522388,True,
A71EV2A-x7002a,A71EV2A-x0926a,0.2,True,
A71EV2A-x7008a,A71EV2A-x0926a,0.36764705882352944,True,
A71EV2A-x7011a,A71EV2A-x0926a,0.4032258064516129,True,
A71EV2A-x7015a,A71EV2A-x0926a,0.390625,True,
A71EV2A-x7018a,A71EV2A-x0926a,0.421875,True,
A71EV2A-x7021a,A71EV2A-x0739a,0.20253164556962025,True,
A71EV2A-x7024a,A71EV2A-x0926a,0.38461538461538464,True,
A71EV2A-x7025a,A71EV2A-x0926a,0.3880597014925373,True,
A71EV2A-x7026a,A71EV2A-x0926a,0.4098360655737705,True,
A71EV2A-x7026b,A71EV2A-x0926a,0.4098360655737705,True,
A71EV2A-x7031a,A71EV2A-x0926a,0.3880597014925373,True,
A71EV2A-x7032a,A71EV2A-x0515a,0.21739130434782608,True,
A71EV2A-x7035a,A71EV2A-x0926a,0.2903225806451613,True,
A71EV2A-x7038a,A71EV2A-x0926a,0.296875,True,
A71EV2A-x7043a,A71EV2A-x0926a,0.3472222222222222,True,
A71EV2A-x7043b,A71EV2A-x0926a,0.3472222222222222,True,
A71EV2A-x7044a,A71EV2A-x0926a,0.22077922077922077,True,
A71EV2A-x7046a,A71EV2A-x0926a,0.19736842105263158,True,
A71EV2A-x7050a,A71EV2A-x0926a,0.19753086419753085,True,
A71EV2A-x7056a,A71EV2A-x0926a,0.38461538461538464,True,
A71EV2A-x7070a,A71EV2A-x0515a,0.21739130434782608,True,
A71EV2A-x7071a,A71EV2A-x0926a,0.2857142857142857,True,
A71EV2A-x7093a,A71EV2A-x0926a,0.4032258064516129,True,
A71EV2A-x7095a,A71EV2A-x0926a,0.37142857142857144,True,
A71EV2A-x7096a,A71EV2A-x0926a,0.3787878787878788,True,
A71EV2A-x7101a,A71EV2A-x0926a,0.38461538461538464,True,
A71EV2A-x7127a,A71EV2A-x0926a,0.352112676056338,True,
A71EV2A-x7130a,A71EV2A-x0926a,0.33783783783783783,True,
A71EV2A-x7132a,A71EV2A-x0926a,0.3472222222222222,True,
A71EV2A-x7135a,A71EV2A-x0926a,0.3968253968253968,True,
A71EV2A-x7147a,A71EV2A-x0926a,0.38461538461538464,True,
A71EV2A-x7151a,A71EV2A-x0926a,0.3333333333333333,True,
A71EV2A-x7154a,A71EV2A-x0926a,0.35714285714285715,True,
A71EV2A-x7161a,A71EV2A-x0926a,0.45161290322580644,True,
A71EV2A-x7167a,A71EV2A-x0926a,0.3582089552238806,True,
A71EV2A-x7167b,A71EV2A-x0926a,0.3582089552238806,True,
A71EV2A-x7169a,A71EV2A-x0926a,0.35714285714285715,True,
A71EV2A-x7170a,A71EV2A-x0926a,0.3472222222222222,True,
A71EV2A-x7172a,A71EV2A-x0926a,0.423728813559322,True,
A71EV2A-x7175a,A71EV2A-x0926a,0.45161290322580644,True,
A71EV2A-x7176a,A71EV2A-x0926a,0.36231884057971014,True,
A71EV2A-x7184a,A71EV2A-x0926a,0.21428571428571427,True,
A71EV2A-x7190a,A71EV2A-x0926a,0.373134328358209,True,
A71EV2A-x7238a,A71EV2A-x0926a,0.43548387096774194,True,
A71EV2A-x7246a,A71EV2A-x0926a,0.38461538461538464,True,
A71EV2A-x7247a,A71EV2A-x0926a,0.3472222222222222,True,
A71EV2A-x7250a,A71EV2A-x0926a,0.4098360655737705,True,
A71EV2A-x7251a,A71EV2A-x0926a,0.390625,True,
A71EV2A-x7254a,A71EV2A-x0926a,0.3968253968253968,True,
A71EV2A-x7256a,A71EV2A-x0926a,0.21428571428571427,True,
A71EV2A-x7257a,A71EV2A-x0926a,0.38461538461538464,True,
A71EV2A-x7259a,A71EV2A-x0926a,0.4098360655737705,True,
A71EV2A-x7260a,A71EV2A-x0926a,0.36923076923076925,True,
A71EV2A-x7261a,A71EV2A-x0926a,0.34782608695652173,True,
A71EV2A-x7263a,A71EV2A-x0926a,0.3472222222222222,True,
A71EV2A-x7284a,A71EV2A-x0926a,0.36764705882352944,True,
A71EV2A-x7287a,A71EV2A-x0739a,0.21518987341772153,True,
A71EV2A-x7297a,A71EV2A-x0926a,0.38461538461538464,True,
A71EV2A-x7301a,A71EV2A-x0926a,0.36363636363636365,True,
A71EV2A-x7301b,A71EV2A-x0926a,0.36363636363636365,True,
A71EV2A-x7307a,A71EV2A-x0926a,0.38461538461538464,True,
A71EV2A-x7309a,A71EV2A-x0926a,0.38461538461538464,True,
A71EV2A-x7316a,A71EV2A-x0926a,0.40625,True,
A71EV2A-x7317a,A71EV2A-x0926a,0.4166666666666667,True,
A71EV2A-x7317b,A71EV2A-x0926a,0.4166666666666667,True,
A71EV2A-x7318a,A71EV2A-x0926a,0.36231884057971014,True,
A71EV2A-x7321a,A71EV2A-x1019a,0.265625,True,
A71EV2A-x7323a,A71EV2A-x0926a,0.2054794520547945,True,
A71EV2A-x7333a,A71EV2A-x0926a,0.38461538461538464,True,
A71EV2A-x7334a,A71EV2A-x0926a,0.423728813559322,True,
A71EV2A-x7334b,A71EV2A-x0926a,0.423728813559322,True,
A71EV2A-x7338a,A71EV2A-x0926a,0.3787878787878788,True,
A71EV2A-x7339a,A71EV2A-x0926a,0.4166666666666667,True,
A71EV2A-x7350a,A71EV2A-x0926a,0.20270270270270271,True,
A71EV2A-x7350b,A71EV2A-x0926a,0.20270270270270271,True,
A71EV2A-x7353a,A71EV2A-x0926a,0.45161290322580644,True,
A71EV2A-x7353b,A71EV2A-x0926a,0.45161290322580644,True,
A71EV2A-x7359a,A71EV2A-x1019a,0.26666666666666666,True,
A71EV2A-x7368a,A71EV2A-x0926a,0.19736842105263158,True,
A71EV2A-x7369a,A71EV2A-x0926a,0.19480519480519481,True,
A71EV2A-x7369b,A71EV2A-x0926a,0.19480519480519481,True,
A71EV2A-x7372a,A71EV2A-x0926a,0.4166666666666667,True,
A71EV2A-x7379a,A71EV2A-x0926a,0.2054794520547945,True,
A71EV2A-x7389a,A71EV2A-x0926a,0.423728813559322,True,
A71EV2A-x7410a,A71EV2A-x0926a,0.2,True,
A71EV2A-x7420a,A71EV2A-x0926a,0.38461538461538464,True,
A71EV2A-x7424a,A71EV2A-x0926a,0.390625,True,
A71EV2A-x7427a,A71EV2A-x0926a,0.38461538461538464,True,
A71EV2A-x7430a,A71EV2A-x0926a,0.4126984126984127,True,
A71EV2A-x7432a,A71EV2A-x0926a,0.3968253968253968,True,
A71EV2A-x7433a,A71EV2A-x0926a,0.36764705882352944,True,
A71EV2A-x7436a,A71EV2A-x0926a,0.373134328358209,True,
A71EV2A-x7436b,A71EV2A-x0926a,0.373134328358209,True,
A71EV2A-x7442a,A71EV2A-x0926a,0.375,True,
A71EV2A-x7445a,A71EV2A-x0926a,0.21428571428571427,True,
A71EV2A-x7446a,A71EV2A-x0926a,0.36764705882352944,True,
A71EV2A-x7448a,A71EV2A-x0926a,0.23076923076923078,True,
A71EV2A-x7459a,A71EV2A-x0926a,0.2112676056338028,True,
A71EV2A-x7461a,A71EV2A-x0926a,0.2112676056338028,True,
A71EV2A-x7465a,A71EV2A-x0926a,0.2112676056338028,True,
A71EV2A-x7465b,A71EV2A-x0926a,0.2112676056338028,True,
A71EV2A-x7475a,A71EV2A-x0926a,0.4098360655737705,True,
A71EV2A-x7475b,A71EV2A-x0926a,0.4098360655737705,True,
A71EV2A-x7491a,A71EV2A-x0926a,0.3968253968253968,True,
A71EV2A-x7491b,A71EV2A-x0926a,0.3968253968253968,True,
A71EV2A-x7501a,A71EV2A-x0926a,0.4166666666666667,True,
A71EV2A-x7501b,A71EV2A-x0926a,0.4166666666666667,True,
A71EV2A-x7510a,A71EV2A-x0926a,0.4032258064516129,True,
A71EV2A-x7510b,A71EV2A-x0926a,0.4032258064516129,True,
A71EV2A-x7515a,A71EV2A-x0926a,0.2112676056338028,True,
A71EV2A-x7533a,A71EV2A-x0926a,0.4166666666666667,True,
A71EV2A-x7533b,A71EV2A-x0926a,0.4166666666666667,True,
A71EV2A-x7545a,A71EV2A-x0926a,0.43859649122807015,True,
A71EV2A-x7545b,A71EV2A-x0926a,0.43859649122807015,True,
A71EV2A-x7558a,A71EV2A-x0926a,0.30158730158730157,True,
A71EV2A-x7560a,A71EV2A-x0926a,0.43859649122807015,True,
A71EV2A-x7560b,A71EV2A-x0926a,0.43859649122807015,True,
A71EV2A-x7570a,A71EV2A-x0926a,0.3787878787878788,True,
A71EV2A-x7576a,A71EV2A-x0926a,0.2361111111111111,True,
A71EV2A-x7576b,A71EV2A-x0926a,0.2361111111111111,True,
A71EV2A-x7580a,A71EV2A-x0926a,0.22058823529411764,True,
A71EV2A-x7580b,A71EV2A-x0926a,0.22058823529411764,True,
A71EV2A-x7589a,A71EV2A-x0926a,0.4090909090909091,True,
A71EV2A-x7597a,A71EV2A-x0926a,0.4032258064516129,True,
A71EV2A-x7608a,A71EV2A-x0926a,0.2,True,
A71EV2A-x7613a,A71EV2A-x1019a,0.265625,True,
A71EV2A-x7622a,A71EV2A-x0926a,0.21428571428571427,True,
A71EV2A-x7631a,A71EV2A-x0926a,0.2459016393442623,True,
