Name,is_binder,score
A71EV2A-x1346a,1,412.921
A71EV2A-x2293a,1,320.396
A71EV2A-x2499,0,679.863
A71EV2A-x2846a,1,270.292
A71EV2A-x2972a,1,255.281
A71EV2A-x3054a,1,261.325
A71EV2A-x3175a,1,269.304
A71EV2A-x3181a,1,270.296
A71EV2A-x3186a,1,276.336
A71EV2A-x3188a,1,300.362
A71EV2A-x3191a,1,286.331
A71EV2A-x3193a,1,360.639
A71EV2A-x3194a,1,261.325
A71EV2A-x3201a,1,277.324
A71EV2A-x3207a,1,262.313
A71EV2A-x3208a,1,348.752
A71EV2A-x3210a,1,286.335
A71EV2A-x3218a,1,277.328
A71EV2A-x3221a,1,264.329
A71EV2A-x3223a,1,273.296
A71EV2A-x3225a,1,300.362
A71EV2A-x3229a,1,277.324
A71EV2A-x3234a,1,257.337
A71EV2A-x3264a,1,271.28
A71EV2A-x3280a,1,316.311
A71EV2A-x3286a,1,284.319
A71EV2A-x3305a,1,310.361
A71EV2A-x3306a,1,286.36
A71EV2A-x3324a,1,357.435
A71EV2A-x3371a,1,283.335
A71EV2A-x3379a,1,284.319
A71EV2A-x3392a,1,257.293
A71EV2A-x3403a,1,256.265
A71EV2A-x3410a,1,284.319
A71EV2A-x3419a,1,298.302
A71EV2A-x3450a,1,277.349
A71EV2A-x3480a,1,286.335
A71EV2A-x3483a,1,291.351
A71EV2A-x3485a,1,277.324
A71EV2A-x3488a,1,348.786
A71EV2A-x3489a,1,304.394
A71EV2A-x3509a,1,272.308
A71EV2A-x3510a,1,261.325
A71EV2A-x3521a,1,353.249
A71EV2A-x3522a,1,321.764
A71EV2A-x3546a,1,294.326
A71EV2A-x3550a,1,290.363
A71EV2A-x3556a,1,286.335
A71EV2A-x3557a,1,306.362
A71EV2A-x3564a,1,255.277
A71EV2A-x3568a,1,269.304
A71EV2A-x3571a,1,290.363
A71EV2A-x3575a,1,301.346
A71EV2A-x3579a,1,262.309
A71EV2A-x3581a,1,262.309
A71EV2A-x3585a,1,315.377
A71EV2A-x3606a,1,395.29
A71EV2A-x3612a,1,265.288
A71EV2A-x3616a,1,275.352
A71EV2A-x3618a,1,318.377
A71EV2A-x3623a,1,294.376
A71EV2A-x3634a,1,276.336
A71EV2A-x3663a,1,278.308
A71EV2A-x3665a,1,312.316
A71EV2A-x3685a,1,277.324
A71EV2A-x3694a,1,276.336
A71EV2A-x3706a,1,275.352
A71EV2A-x3747,0,334.206
A71EV2A-x3748,0,351.41
A71EV2A-x3749,0,341.414
A71EV2A-x3750,0,344.212
A71EV2A-x3751,0,333.313
A71EV2A-x3752,0,333.313
A71EV2A-x3753,0,357.413
A71EV2A-x3754,0,295.342
A71EV2A-x3756,0,334.206
A71EV2A-x3757,0,324.34
A71EV2A-x3758,0,297.314
A71EV2A-x3759,0,313.313
A71EV2A-x3760,0,336.214
A71EV2A-x3762,0,301.296
A71EV2A-x3763,0,344.212
A71EV2A-x3764,0,324.296
A71EV2A-x3765,0,341.367
A71EV2A-x3766,0,319.408
A71EV2A-x3767,0,295.346
A71EV2A-x3768,0,368.868
A71EV2A-x3769,0,352.781
A71EV2A-x3770,0,356.223
A71EV2A-x3771,0,339.395
A71EV2A-x3772,0,313.307
A71EV2A-x3773,0,317.751
A71EV2A-x3774,0,341.414
A71EV2A-x3775,0,295.298
A71EV2A-x3776,0,356.338
A71EV2A-x3777,0,297.289
A71EV2A-x3778,0,323.352
A71EV2A-x3779,0,322.412
A71EV2A-x3781,0,345.402
A71EV2A-x3783,0,334.206
A71EV2A-x3784,0,337.398
A71EV2A-x3785,0,298.35
A71EV2A-x3788,0,325.368
A71EV2A-x3789,0,310.313
A71EV2A-x3790,0,295.342
A71EV2A-x3791,0,300.387
A71EV2A-x3792,0,367.796
A71EV2A-x3793,0,309.369
A71EV2A-x3794,0,335.407
A71EV2A-x3795,0,369.852
A71EV2A-x3796,0,311.307
A71EV2A-x3797,0,341.459
A71EV2A-x3798,0,315.373
A71EV2A-x3801,0,313.401
A71EV2A-x3802,0,319.408
A71EV2A-x3803,0,328.416
A71EV2A-x3804,0,315.417
A71EV2A-x3805,0,344.418
A71EV2A-x3806,0,311.307
A71EV2A-x3807,0,487.531
A71EV2A-x3810,0,312.373
A71EV2A-x3811,0,328.416
A71EV2A-x3812,0,340.471
A71EV2A-x3813,0,333.435
A71EV2A-x3814,0,356.47
A71EV2A-x3815,0,330.388
A71EV2A-x3816,0,340.427
A71EV2A-x3817,0,337.383
A71EV2A-x3818,0,314.389
A71EV2A-x3820,0,374.488
A71EV2A-x3821,0,369.469
A71EV2A-x3822,0,375.428
A71EV2A-x3823,0,350.422
A71EV2A-x3824,0,353.426
A71EV2A-x3825,0,314.433
A71EV2A-x3826,0,326.4
A71EV2A-x3827,0,378.407
A71EV2A-x3829,0,314.389
A71EV2A-x3830,0,337.383
A71EV2A-x3832,0,378.48
A71EV2A-x3833,0,414.303
A71EV2A-x3834,0,327.344
A71EV2A-x3835,0,321.402
A71EV2A-x3836,0,349.434
A71EV2A-x3837,0,353.853
A71EV2A-x3838,0,313.401
A71EV2A-x3839,0,355.486
A71EV2A-x3840,0,412.331
A71EV2A-x3841,0,390.487
A71EV2A-x3842,0,320.396
A71EV2A-x3843,0,375.432
A71EV2A-x3844,0,365.408
A71EV2A-x3849a,1,277.324
A71EV2A-x3858a,1,310.781
A71EV2A-x3862a,1,306.362
A71EV2A-x3867a,1,268.316
A71EV2A-x3868a,1,291.351
A71EV2A-x3883a,1,306.362
A71EV2A-x3884a,1,391.468
A71EV2A-x3890a,1,291.351
A71EV2A-x3897a,1,277.324
A71EV2A-x3901a,1,277.324
A71EV2A-x3908a,1,386.496
A71EV2A-x3936a,1,284.356
A71EV2A-x3937a,1,277.324
A71EV2A-x3939a,1,290.363
A71EV2A-x3940a,1,310.781
A71EV2A-x3942a,1,310.781
A71EV2A-x3944a,1,371.481
A71EV2A-x3954a,1,303.362
A71EV2A-x3956a,1,262.309
A71EV2A-x3963a,1,262.313
A71EV2A-x3968a,1,344.455
A71EV2A-x3975a,1,329.444
A71EV2A-x3981a,1,350.462
A71EV2A-x3982a,1,322.408
A71EV2A-x3986a,1,354.475
A71EV2A-x3989a,1,334.725
A71EV2A-x3990a,1,330.306
A71EV2A-x3992a,1,297.742
A71EV2A-x3993a,1,393.871
A71EV2A-x4012a,1,277.324
A71EV2A-x4017a,1,301.35
A71EV2A-x4018a,1,290.363
A71EV2A-x4020a,1,260.337
A71EV2A-x4028a,1,344.333
A71EV2A-x4031a,1,278.312
A71EV2A-x4035a,1,311.769
A71EV2A-x4082,0,318.38
A71EV2A-x4088,0,337.326
A71EV2A-x4091,0,349.419
A71EV2A-x4105,0,329.787
A71EV2A-x4106,0,319.408
A71EV2A-x4108,0,355.441
A71EV2A-x4109,0,325.368
A71EV2A-x4112,0,315.376
A71EV2A-x4113,0,309.369
A71EV2A-x4118,0,297.314
A71EV2A-x4126,0,323.396
A71EV2A-x4133,0,362.433
A71EV2A-x4134,0,360.421
A71EV2A-x4141,0,360.417
A71EV2A-x4142,0,311.307
A71EV2A-x4149,0,354.414
A71EV2A-x4154,0,342.443
A71EV2A-x4162,0,348.406
A71EV2A-x4166,0,369.469
A71EV2A-x4168,0,347.462
A71EV2A-x4174,0,314.433
A71EV2A-x4202a,1,351.244
A71EV2A-x4203a,1,310.781
A71EV2A-x4207a,1,333.388
A71EV2A-x4214a,1,298.364
A71EV2A-x4237a,1,354.425
A71EV2A-x4239a,1,336.819
A71EV2A-x4254a,1,292.766
A71EV2A-x4260a,1,322.792
A71EV2A-x4283a,1,277.324
A71EV2A-x4290a,1,371.3
A71EV2A-x4291a,1,291.351
A71EV2A-x4292a,1,315.295
A71EV2A-x4295a,1,278.308
A71EV2A-x4298a,1,278.312
A71EV2A-x4303a,1,355.416
A71EV2A-x4304a,1,370.431
A71EV2A-x4305a,1,305.378
A71EV2A-x4306a,1,345.321
A71EV2A-x4308a,1,325.752
A71EV2A-x4309a,1,369.443
A71EV2A-x4310a,1,345.321
A71EV2A-x4311a,1,303.406
A71EV2A-x4312a,1,260.293
A71EV2A-x4313a,1,276.336
A71EV2A-x4315a,1,276.292
A71EV2A-x4316a,1,288.347
A71EV2A-x4317a,1,288.347
A71EV2A-x4319a,1,312.316
A71EV2A-x4320a,1,315.373
A71EV2A-x4321a,1,285.347
A71EV2A-x4322a,1,303.362
A71EV2A-x4324a,1,274.32
A71EV2A-x4331a,1,274.364
A71EV2A-x4333a,1,261.325
A71EV2A-x4334a,1,292.404
A71EV2A-x4336a,1,315.2
A71EV2A-x4341a,1,302.399
A71EV2A-x4342a,1,315.295
A71EV2A-x4343a,1,342.193
A71EV2A-x4344a,1,286.375
A71EV2A-x4346a,1,288.307
A71EV2A-x4350a,1,261.325
A71EV2A-x4351a,1,270.336
A71EV2A-x4365a,1,304.346
A71EV2A-x4368a,1,290.363
A71EV2A-x4372a,1,263.297
A71EV2A-x4373a,1,290.319
A71EV2A-x4374a,1,276.336
A71EV2A-x4380a,1,298.745
A71EV2A-x4381a,1,382.304
A71EV2A-x4386a,1,292.404
A71EV2A-x4388a,1,356.22
A71EV2A-x4390a,1,276.336
A71EV2A-x4402a,1,261.325
A71EV2A-x4403a,1,339.417
A71EV2A-x4406a,1,292.335
A71EV2A-x4409a,1,288.347
A71EV2A-x4415a,1,302.334
A71EV2A-x4416a,1,348.418
A71EV2A-x4418a,1,264.285
A71EV2A-x4420a,1,306.753
A71EV2A-x4421a,1,263.297
A71EV2A-x4423a,1,278.352
A71EV2A-x4426a,1,280.331
A71EV2A-x4429a,1,345.321
A71EV2A-x4431a,1,371.3
A71EV2A-x4445a,1,290.363
A71EV2A-x4447a,1,301.35
A71EV2A-x4449a,1,333.388
A71EV2A-x4451a,1,312.373
A71EV2A-x4456a,1,288.347
A71EV2A-x4461a,1,281.743
A71EV2A-x4463a,1,304.375
A71EV2A-x4464a,1,276.34
A71EV2A-x4467a,1,290.367
A71EV2A-x4472a,1,280.353
A71EV2A-x4476a,1,288.347
A71EV2A-x4490a,1,271.32
A71EV2A-x4494a,1,301.346
A71EV2A-x4496a,1,330.31
A71EV2A-x4509a,1,279.315
A71EV2A-x4510a,1,332.326
A71EV2A-x4514a,1,276.336
A71EV2A-x4516a,1,323.752
A71EV2A-x4519a,1,365.231
A71EV2A-x4524a,1,311.769
A71EV2A-x4528a,1,337.807
A71EV2A-x4537a,1,288.372
A71EV2A-x4538a,1,379.176
A71EV2A-x4540a,1,376.638
A71EV2A-x4544a,1,403.298
A71EV2A-x4547a,1,286.335
A71EV2A-x4554a,1,323.418
A71EV2A-x4559a,1,299.374
A71EV2A-x4583a,1,287.363
A71EV2A-x4596a,1,271.32
A71EV2A-x4606a,1,291.376
A71EV2A-x4608a,1,290.367
A71EV2A-x4611a,1,273.292
A71EV2A-x4644a,1,361.186
A71EV2A-x4650a,1,314.307
A71EV2A-x4654a,1,351.428
A71EV2A-x4656a,1,329.372
A71EV2A-x4661a,1,276.336
A71EV2A-x4669a,1,338.791
A71EV2A-x4670a,1,371.3
A71EV2A-x4673a,1,369.215
A71EV2A-x4674a,1,319.43
A71EV2A-x4675a,1,324.402
A71EV2A-x4684a,1,293.392
A71EV2A-x4689a,1,293.392
A71EV2A-x4694a,1,278.377
A71EV2A-x4695a,1,278.377
A71EV2A-x4703a,1,297.384
A71EV2A-x4710a,1,278.377
A71EV2A-x4711a,1,278.377
A71EV2A-x4712a,1,307.419
A71EV2A-x4724a,1,328.384
A71EV2A-x4727a,1,311.411
A71EV2A-x4735a,1,301.415
A71EV2A-x4739a,1,304.415
A71EV2A-x4742a,1,304.415
A71EV2A-x4745a,1,328.459
A71EV2A-x4746a,1,299.386
A71EV2A-x4748a,1,294.376
A71EV2A-x4751a,1,281.396
A71EV2A-x4752a,1,314.41
A71EV2A-x4753a,1,310.394
A71EV2A-x4771a,1,315.398
A71EV2A-x4774a,1,294.38
A71EV2A-x4777a,1,362.373
A71EV2A-x4778a,1,362.373
A71EV2A-x4791a,1,304.415
A71EV2A-x4806a,1,290.388
A71EV2A-x4809a,1,293.432
A71EV2A-x4812a,1,294.38
A71EV2A-x4824a,1,294.376
A71EV2A-x4826a,1,294.38
A71EV2A-x4827a,1,293.392
A71EV2A-x4829a,1,312.753
A71EV2A-x4836a,1,315.373
A71EV2A-x4839a,1,286.335
A71EV2A-x4840a,1,289.335
A71EV2A-x4843a,1,359.348
A71EV2A-x4845a,1,385.258
A71EV2A-x4846a,1,278.377
A71EV2A-x4847a,1,271.32
A71EV2A-x4851a,1,311.382
A71EV2A-x4855a,1,279.365
A71EV2A-x4856a,1,357.273
A71EV2A-x4877a,1,310.444
A71EV2A-x4880a,1,271.32
A71EV2A-x4882a,1,361.186
A71EV2A-x4883a,1,294.38
A71EV2A-x4885a,1,306.431
A71EV2A-x4894a,1,308.403
A71EV2A-x4895a,1,313.76
A71EV2A-x4899a,1,314.367
A71EV2A-x4908a,1,286.331
A71EV2A-x4914a,1,293.392
A71EV2A-x4918a,1,293.392
A71EV2A-x4926a,1,304.325
A71EV2A-x4934a,1,309.369
A71EV2A-x4935a,1,298.433
A71EV2A-x4943a,1,304.415
A71EV2A-x4947a,1,290.388
A71EV2A-x4949a,1,362.455
A71EV2A-x4959a,1,319.43
A71EV2A-x4963a,1,318.373
A71EV2A-x4967a,1,331.416
A71EV2A-x4974a,1,286.335
A71EV2A-x4977a,1,344.44
A71EV2A-x4979a,1,282.731
A71EV2A-x4986a,1,376.482
A71EV2A-x4992a,1,262.313
A71EV2A-x4994a,1,272.308
A71EV2A-x5015a,1,273.336
A71EV2A-x5016a,1,273.336
A71EV2A-x5022a,1,348.472
A71EV2A-x5028a,1,292.404
A71EV2A-x5036a,1,262.309
A71EV2A-x5039a,1,294.38
A71EV2A-x5052a,1,272.348
A71EV2A-x5065a,1,278.377
A71EV2A-x5073a,1,272.348
A71EV2A-x5079a,1,281.743
A71EV2A-x5081a,1,282.731
A71EV2A-x5082a,1,272.308
A71EV2A-x5090a,1,287.345
A71EV2A-x5091a,1,261.325
A71EV2A-x5104a,1,306.431
A71EV2A-x5106a,1,298.346
A71EV2A-x5151a,1,304.415
A71EV2A-x5171a,1,335.429
A71EV2A-x5177a,1,304.415
A71EV2A-x5182a,1,330.435
A71EV2A-x5203a,1,385.327
A71EV2A-x5210a,1,272.348
A71EV2A-x5212a,1,273.296
A71EV2A-x5213a,1,282.731
A71EV2A-x5219a,1,268.357
A71EV2A-x5221a,1,303.387
A71EV2A-x5222a,1,324.384
A71EV2A-x5226a,1,329.356
A71EV2A-x5231a,1,300.424
A71EV2A-x5247a,1,385.327
A71EV2A-x5249a,1,349.456
A71EV2A-x5255a,1,272.348
A71EV2A-x5261a,1,344.44
A71EV2A-x5262a,1,304.415
A71EV2A-x5276a,1,332.469
A71EV2A-x5277a,1,292.766
A71EV2A-x5278a,1,347.824
A71EV2A-x5283a,1,350.469
A71EV2A-x5288a,1,351.472
A71EV2A-x5289a,1,351.472
A71EV2A-x5317a,1,289.335
A71EV2A-x5339a,1,385.327
A71EV2A-x5359a,1,308.403
A71EV2A-x5366a,1,385.327
A71EV2A-x5381a,1,299.374
A71EV2A-x5383a,1,335.429
A71EV2A-x5387a,1,308.403
A71EV2A-x5388a,1,373.272
A71EV2A-x5389a,1,335.429
A71EV2A-x5393a,1,260.337
A71EV2A-x5394a,1,280.755
A71EV2A-x5398a,1,415.353
A71EV2A-x5402a,1,266.272
A71EV2A-x5403a,1,380.579
A71EV2A-x5409a,1,264.3
A71EV2A-x5427a,1,301.173
A71EV2A-x5431a,1,296.417
A71EV2A-x5448a,1,273.296
A71EV2A-x5449a,1,370.496
A71EV2A-x5452a,1,334.441
A71EV2A-x5460a,1,268.316
A71EV2A-x5461a,1,294.4
A71EV2A-x5462a,1,282.343
A71EV2A-x5466a,1,286.331
A71EV2A-x5475a,1,334.441
A71EV2A-x5479a,1,313.357
A71EV2A-x5482a,1,352.843
A71EV2A-x5488a,1,336.457
A71EV2A-x5489a,1,271.32
A71EV2A-x5494a,1,385.327
A71EV2A-x5497a,1,289.335
A71EV2A-x5509a,1,369.49
A71EV2A-x5512a,1,412.515
A71EV2A-x5525a,1,358.467
A71EV2A-x5526a,1,368.502
A71EV2A-x5533a,1,349.456
A71EV2A-x5539a,1,308.403
A71EV2A-x5544a,1,360.443
A71EV2A-x5550a,1,320.82
A71EV2A-x5556a,1,359.651
A71EV2A-x5559a,1,352.188
A71EV2A-x5570a,1,276.361
A71EV2A-x5572a,1,282.343
A71EV2A-x5576a,1,331.416
A71EV2A-x5581a,1,340.474
A71EV2A-x5584a,1,335.379
A71EV2A-x5594a,1,274.28
A71EV2A-x5598a,1,378.498
A71EV2A-x5599a,1,302.374
A71EV2A-x5604a,1,358.467
A71EV2A-x5635a,1,319.258
A71EV2A-x5665a,1,383.197
A71EV2A-x5666a,1,431.587
A71EV2A-x5673a,1,298.745
A71EV2A-x5676a,1,329.227
A71EV2A-x5687a,1,318.442
A71EV2A-x5699a,1,357.223
A71EV2A-x5705a,1,321.402
A71EV2A-x5721a,1,314.389
A71EV2A-x5727a,1,326.4
A71EV2A-x5728a,1,308.765
A71EV2A-x5744a,1,286.335
A71EV2A-x5747a,1,278.352
A71EV2A-x5753a,1,290.367
A71EV2A-x5758a,1,397.338
A71EV2A-x5764a,1,337.217
A71EV2A-x5766a,1,300.362
A71EV2A-x5777a,1,300.362
A71EV2A-x5779a,1,362.611
A71EV2A-x5788a,1,358.467
A71EV2A-x5793a,1,281.743
A71EV2A-x5798a,1,292.766
A71EV2A-x5802a,1,292.766
A71EV2A-x5808a,1,430.538
A71EV2A-x5819a,1,387.299
A71EV2A-x5822a,1,346.383
A71EV2A-x5824a,1,339.804
A71EV2A-x5830a,1,385.283
A71EV2A-x5833a,1,358.467
A71EV2A-x5836a,1,371.486
A71EV2A-x5850a,1,332.469
A71EV2A-x5854a,1,356.451
A71EV2A-x5857a,1,426.46
A71EV2A-x5864a,1,424.538
A71EV2A-x5868a,1,387.705
A71EV2A-x5877a,1,424.526
A71EV2A-x5879a,1,413.543
A71EV2A-x5884a,1,461.509
A71EV2A-x5891a,1,472.405
A71EV2A-x5894a,1,297.358
A71EV2A-x5898a,1,311.409
A71EV2A-x5949a,1,319.43
A71EV2A-x5992a,1,322.43
A71EV2A-x5995a,1,332.469
A71EV2A-x6021a,1,323.422
A71EV2A-x6025a,1,422.554
A71EV2A-x6027a,1,332.469
A71EV2A-x6028a,1,449.576
A71EV2A-x6032a,1,397.544
A71EV2A-x6035a,1,419.55
A71EV2A-x6714a,1,305.284
A71EV2A-x6726a,1,375.494
A71EV2A-x6730a,1,333.413
A71EV2A-x6736a,1,399.516
A71EV2A-x6738a,1,419.595
A71EV2A-x6739a,1,452.58
A71EV2A-x6746a,1,382.489
A71EV2A-x6769a,1,412.49
A71EV2A-x6776a,1,379.506
A71EV2A-x6778a,1,411.571
A71EV2A-x6791a,1,412.559
A71EV2A-x6794a,1,414.596
A71EV2A-x6797a,1,415.519
A71EV2A-x6802a,1,455.588
A71EV2A-x6808a,1,411.531
A71EV2A-x6816a,1,401.492
A71EV2A-x6818a,1,403.426
A71EV2A-x6819a,1,411.527
A71EV2A-x6821a,1,392.481
A71EV2A-x6827a,1,374.53
A71EV2A-x6832a,1,406.512
A71EV2A-x6838a,1,376.506
A71EV2A-x6841a,1,365.455
A71EV2A-x6844a,1,365.455
A71EV2A-x6847a,1,393.509
A71EV2A-x6851a,1,393.509
A71EV2A-x6853a,1,349.456
A71EV2A-x6856a,1,412.515
A71EV2A-x6895a,1,417.579
A71EV2A-x6914a,1,451.984
A71EV2A-x6920a,1,363.487
A71EV2A-x6925a,1,373.482
A71EV2A-x6932a,1,385.283
A71EV2A-x6934a,1,361.467
A71EV2A-x6938a,1,372.534
A71EV2A-x6944a,1,377.466
A71EV2A-x6945a,1,415.519
A71EV2A-x6948a,1,447.582
A71EV2A-x6955a,1,440.491
A71EV2A-x6973a,1,393.509
A71EV2A-x6980a,1,356.451
A71EV2A-x6991a,1,389.521
A71EV2A-x7002a,1,373.434
A71EV2A-x7008a,1,484.648
A71EV2A-x7011a,1,391.541
A71EV2A-x7015a,1,439.585
A71EV2A-x7018a,1,450.565
A71EV2A-x7021a,1,388.489
A71EV2A-x7024a,1,417.579
A71EV2A-x7025a,1,429.493
A71EV2A-x7026a,1,377.514
A71EV2A-x7031a,1,429.493
A71EV2A-x7032a,1,383.473
A71EV2A-x7035a,1,363.483
A71EV2A-x7038a,1,361.467
A71EV2A-x7043a,1,455.588
A71EV2A-x7044a,1,426.542
A71EV2A-x7046a,1,402.54
A71EV2A-x7050a,1,443.598
A71EV2A-x7056a,1,403.552
A71EV2A-x7070a,1,383.473
A71EV2A-x7071a,1,371.484
A71EV2A-x7093a,1,409.581
A71EV2A-x7095a,1,476.002
A71EV2A-x7096a,1,504.701
A71EV2A-x7101a,1,431.606
A71EV2A-x7127a,1,443.577
A71EV2A-x7130a,1,440.533
A71EV2A-x7132a,1,457.604
A71EV2A-x7135a,1,405.568
A71EV2A-x7147a,1,419.595
A71EV2A-x7151a,1,469.615
A71EV2A-x7154a,1,462.576
A71EV2A-x7161a,1,407.54
A71EV2A-x7167a,1,416.547
A71EV2A-x7169a,1,483.66
A71EV2A-x7170a,1,458.632
A71EV2A-x7172a,1,377.514
A71EV2A-x7175a,1,407.54
A71EV2A-x7176a,1,467.517
A71EV2A-x7184a,1,383.473
A71EV2A-x7190a,1,488.658
A71EV2A-x7238a,1,407.54
A71EV2A-x7246a,1,445.511
A71EV2A-x7247a,1,457.604
A71EV2A-x7250a,1,391.541
A71EV2A-x7251a,1,395.529
A71EV2A-x7254a,1,405.568
A71EV2A-x7256a,1,381.501
A71EV2A-x7257a,1,419.595
A71EV2A-x7259a,1,403.552
A71EV2A-x7260a,1,388.493
A71EV2A-x7261a,1,469.611
A71EV2A-x7263a,1,457.575
A71EV2A-x7284a,1,433.578
A71EV2A-x7287a,1,387.461
A71EV2A-x7297a,1,406.512
A71EV2A-x7301a,1,386.477
A71EV2A-x7307a,1,459.656
A71EV2A-x7309a,1,434.566
A71EV2A-x7316a,1,419.551
A71EV2A-x7317a,1,375.498
A71EV2A-x7318a,1,441.597
A71EV2A-x7321a,1,419.366
A71EV2A-x7323a,1,372.45
A71EV2A-x7333a,1,401.483
A71EV2A-x7334a,1,365.459
A71EV2A-x7338a,1,419.473
A71EV2A-x7339a,1,363.487
A71EV2A-x7350a,1,383.473
A71EV2A-x7353a,1,393.513
A71EV2A-x7359a,1,369.284
A71EV2A-x7368a,1,402.54
A71EV2A-x7369a,1,400.568
A71EV2A-x7379a,1,372.45
A71EV2A-x7410a,1,373.438
A71EV2A-x7420a,1,419.595
A71EV2A-x7424a,1,407.54
A71EV2A-x7427a,1,434.566
A71EV2A-x7430a,1,407.54
A71EV2A-x7432a,1,379.53
A71EV2A-x7433a,1,453.612
A71EV2A-x7436a,1,427.574
A71EV2A-x7442a,1,371.462
A71EV2A-x7445a,1,381.501
A71EV2A-x7446a,1,484.648
A71EV2A-x7448a,1,330.453
A71EV2A-x7459a,1,357.435
A71EV2A-x7461a,1,357.435
A71EV2A-x7465a,1,357.435
A71EV2A-x7475a,1,403.552
A71EV2A-x7491a,1,405.568
A71EV2A-x7501a,1,377.514
A71EV2A-x7510a,1,391.541
A71EV2A-x7515a,1,357.435
A71EV2A-x7533a,1,377.514
A71EV2A-x7545a,1,337.449
A71EV2A-x7558a,1,403.298
A71EV2A-x7560a,1,391.541
A71EV2A-x7570a,1,439.585
A71EV2A-x7576a,1,370.478
A71EV2A-x7580a,1,349.46
A71EV2A-x7589a,1,436.538
A71EV2A-x7597a,1,360.439
A71EV2A-x7608a,1,417.457
A71EV2A-x7613a,1,419.366
A71EV2A-x7622a,1,376.486
A71EV2A-x7631a,1,304.415
ASAP-0004433-002,0,345.786
ASAP-0016595-001,0,355.442
ASAP-0016596-001,0,442.335
ASAP-0016598-001,0,406.482
ASAP-0016599-001,0,262.313
ASAP-0016601-001,0,337.379
ASAP-0016602-001,0,374.444
ASAP-0016604-001,0,347.465
ASAP-0016607-001,0,390.487
ASAP-0016608-001,0,366.49
ASAP-0016610-001,0,378.476
ASAP-0016611-001,0,354.494
ASAP-0016612-001,0,358.438
ASAP-0016613-001,0,356.397
ASAP-0016614-001,0,378.856
ASAP-0016615-001,0,360.454
ASAP-0016617-001,0,379.913
ASAP-0016619-001,0,275.352
ASAP-0016621-001,0,359.47
ASAP-0016622-001,0,392.503
ASAP-0016623-001,0,450.52
ASAP-0016624-001,0,304.346
ASAP-0016625-001,0,362.495
ASAP-0016626-001,0,259.305
ASAP-0016627-001,0,301.371
ASAP-0016629-001,0,258.296
ASAP-0016675-001,0,351.366
ASAP-0016676-001,0,341.238
ASAP-0016679-001,0,316.401
ASAP-0016682-001,0,359.336
ASAP-0016683-001,0,321.367
ASAP-0016687-001,0,386.843
ASAP-0016690-001,0,386.864
ASAP-0016692-001,0,308.288
ASAP-0016694-001,0,363.421
ASAP-0016695-001,0,370.796
ASAP-0016696-001,0,370.409
ASAP-0016697-001,0,287.319
ASAP-0016698-001,0,359.385
ASAP-0016699-001,0,334.807
ASAP-0016700-001,0,383.311
ASAP-0016703-001,0,379.807
ASAP-0016704-001,0,325.359
ASAP-0016708-001,0,364.796
ASAP-0016710-001,0,307.344
ASAP-0016711-001,0,344.806
ASAP-0016712-001,0,327.775
ASAP-0016713-001,0,257.337
ASAP-0016714-001,0,380.217
ASAP-0016715-001,0,377.835
ASAP-0016716-001,0,377.835
ASAP-0016717-001,0,287.354
ASAP-0016718-001,0,291.317
ASAP-0016722-001,0,382.445
ASAP-0016723-001,0,374.333
ASAP-0016724-001,0,307.344
ASAP-0016728-001,0,372.372
ASAP-0016730-001,0,355.394
ASAP-0016731-001,0,341.802
ASAP-0016732-001,0,352.781
ASAP-0016738-001,0,380.897
ASAP-0016739-001,0,355.329
ASAP-0016740-001,0,333.819
ASAP-0016741-001,0,307.272
ASAP-0016743-001,0,296.374
ASAP-0016744-001,0,358.265
ASAP-0016746-001,0,421.516
ASAP-0016946-001,0,373.478
ASAP-0023319,0,257.142
ASAP-0027674-001,0,271.276
ASAP-0027879,0,392.256
ASAP-0027880,0,404.267
ASAP-0027881,0,307.397
ASAP-0027882,0,321.424
ASAP-0027883,0,318.336
ASAP-0027884,0,330.347
ASAP-0027885,0,346.415
ASAP-0027886,0,392.256
ASAP-0027887,0,406.283
ASAP-0027888,0,268.36
ASAP-0027889,0,268.36
ASAP-0027890,0,332.363
ASAP-0027891,0,348.431
ASAP-0027892,0,295.367
ASAP-0027893,0,295.367
ASAP-0027894,0,392.256
ASAP-0027895,0,353.219
ASAP-0027896,0,307.397
ASAP-0027897,0,268.36
ASAP-0027898,0,318.336
ASAP-0027899,0,333.351
ASAP-0027900,0,349.419
ASAP-0027901,0,392.256
ASAP-0027902,0,406.283
ASAP-0027903,0,307.397
ASAP-0027905,0,268.36
ASAP-0027906,0,318.336
ASAP-0027907,0,332.363
ASAP-0027908,0,334.404
ASAP-0027909,0,348.431
ASAP-0027910,0,295.367
ASAP-0027911,0,328.415
ASAP-0027912,0,344.212
ASAP-0027914,0,344.414
ASAP-0027915,0,318.38
ASAP-0027916,0,265.316
ASAP-0027917,0,291.35
ASAP-0027918,0,275.351
ASAP-0027920,0,291.35
ASAP-0027921,0,278.355
ASAP-0029096-001,0,288.294
ASAP-0029098-001,0,285.322
ASAP-0029101-001,0,285.322
ASAP-0029102-001,0,297.402
ASAP-0029111-001,0,283.375
ASAP-0029115-001,0,273.311
ASAP-0029126-001,0,259.284
ASAP-0029145-001,0,273.311
ASAP-0029149-001,0,303.406
ASAP-0029154-001,0,335.329
ASAP-0029155-001,0,310.401
ASAP-0029159-001,0,271.32
ASAP-0029164-001,0,297.38
ASAP-0029172-001,0,265.316
ASAP-0029179-001,0,335.329
ASAP-0029181-001,0,313.317
ASAP-0029185-001,0,325.359
ASAP-0029206-001,0,306.41
ASAP-0029217-001,0,307.35
ASAP-0029226-001,0,314.411
ASAP-0029229-001,0,263.297
ASAP-0029230-001,0,273.311
ASAP-0029237-001,0,281.359
ASAP-0029238-002,0,301.39
ASAP-0029244-001,0,295.386
ASAP-0029247-001,0,334.313
ASAP-0029249-001,0,262.353
ASAP-0029252-001,0,333.454
ASAP-0029266-001,0,328.441
ASAP-0029268-001,0,324.384
ASAP-0030122-001,0,311.345
ASAP-0030125-001,0,325.415
ASAP-0030129-001,0,343.452
ASAP-0030138-001,0,325.368
ASAP-0030139-001,0,295.324
ASAP-0030142-001,0,378.428
ASAP-0030149-001,0,311.407
ASAP-0030150-001,0,341.415
ASAP-0030151-001,0,357.479
ASAP-0030161-001,0,346.427
ASAP-0030163-001,0,313.317
ASAP-0030168-001,0,328.412
ASAP-0030169-001,0,273.38
ASAP-0030171-001,0,324.402
ASAP-0030174-001,0,344.44
ASAP-0030183-001,0,308.385
ASAP-0030185-001,0,287.319
ASAP-0030188-001,0,336.457
ASAP-0030194-001,0,332.444
ASAP-0030195-001,0,327.384
ASAP-0030205-001,0,347.415
ASAP-0030206-001,0,332.4
ASAP-0030209-001,0,347.415
ASAP-0030210-001,0,336.145
ASAP-0030214-001,0,341.415
ASAP-0030215-001,0,370.228
ASAP-0030217-001,0,272.352
ASAP-0030226-001,0,255.277
ASAP-0030234-001,0,319.405
ASAP-0030239-001,0,344.455
ASAP-0030242-001,0,340.427
ASAP-0030248-001,0,273.336
ASAP-0030251-001,0,300.362
ASAP-0030253-001,0,324.34
ASAP-0030267-001,0,264.285
ASAP-0030268-001,0,348.512
ASAP-0030271-001,0,314.389
ASAP-0030276-001,0,358.419
ASAP-0030284-001,0,335.201
ASAP-0030287-001,0,323.396
ASAP-0030288-001,0,258.321
ASAP-0030289-001,0,329.4
ASAP-0030296-001,0,344.44
ASAP-0030299-001,0,324.302
ASAP-0030305-001,0,325.324
ASAP-0030308-001,0,330.306
ASAP-0030311-001,0,327.384
ASAP-0030321-001,0,300.362
ASAP-0030328-001,0,325.412
ASAP-0030332-001,0,323.396
ASAP-0030334-001,0,337.423
ASAP-0030336-001,0,343.471
ASAP-0030346-001,0,302.378
ASAP-0030349-001,0,340.427
ASAP-0030353-001,0,270.329
ASAP-0030354-001,0,343.471
ASAP-0030355-001,0,340.423
ASAP-0030359-001,0,258.277
ASAP-0030362-001,0,260.337
ASAP-0030366-001,0,302.418
ASAP-0030368-001,0,287.363
ASAP-0030369-001,0,261.325
ASAP-0030370-001,0,273.292
ASAP-0030372-001,0,319.386
ASAP-0030373-001,0,303.318
ASAP-0030377-001,0,312.373
ASAP-0030386-001,0,301.39
ASAP-0030389-001,0,276.336
ASAP-0030393-001,0,310.317
ASAP-0030403-001,0,341.411
ASAP-0030424-001,0,334.379
ASAP-0030433-001,0,323.396
ASAP-0030435-001,0,301.39
ASAP-0030436-001,0,312.373
ASAP-0030437-001,0,287.319
ASAP-0030447-001,0,303.318
ASAP-0030449-001,0,339.399
ASAP-0030450-001,0,388.218
ASAP-0030452-001,0,323.356
ASAP-0030460-001,0,334.485
ASAP-0030461-001,0,327.384
ASAP-0030465-001,0,340.427
ASAP-0030467-001,0,325.25
ASAP-0030469-001,0,330.391
ASAP-0030472-001,0,342.37
ASAP-0030473-001,0,300.362
ASAP-0030474-001,0,300.362
ASAP-0030479-001,0,326.381
ASAP-0030482-001,0,284.319
ASAP-0030485-001,0,340.427
ASAP-0030488-001,0,335.407
ASAP-0030492-001,0,289.722
ASAP-0030493-001,0,337.423
ASAP-0030494-001,0,358.467
ASAP-0030495-001,0,331.416
ASAP-0030500-001,0,344.371
ASAP-0030509-001,0,337.386
ASAP-0030511-001,0,335.201
ASAP-0030512-001,0,326.444
ASAP-0030515-001,0,338.429
ASAP-0030520-001,0,300.362
ASAP-0030525-001,0,305.696
ASAP-0030533-001,0,343.427
ASAP-0030534-001,0,346.427
ASAP-0030539-001,0,342.37
ASAP-0030540-001,0,315.398
ASAP-0030543-001,0,313.332
ASAP-0030546-001,0,296.374
ASAP-0030547-001,0,328.372
ASAP-0030550-001,0,273.336
ASAP-0030551-001,0,277.324
ASAP-0030565-001,0,343.424
ASAP-0030573-001,0,326.4
ASAP-0030578-001,0,345.443
ASAP-0030588-001,0,324.388
ASAP-0030589-001,0,328.412
ASAP-0030593-001,0,357.841
ASAP-0030597-001,0,341.411
ASAP-0030598-001,0,297.38
ASAP-0030599-001,0,344.455
ASAP-0030600-001,0,346.383
ASAP-0030601-001,0,263.297
ASAP-0030604-001,0,316.386
ASAP-0030609-001,0,330.413
ASAP-0030615-001,0,314.345
ASAP-0030619-001,0,338.411
ASAP-0030624-001,0,332.469
ASAP-0030626-001,0,321.258
ASAP-0030628-001,0,300.362
ASAP-0030631-001,0,355.463
ASAP-0030636-001,0,325.368
ASAP-0030639-001,0,263.297
ASAP-0030644-001,0,337.423
ASAP-0030645-001,0,280.331
ASAP-0030650-001,0,328.372
ASAP-0030651-001,0,300.362
ASAP-0030652-001,0,270.292
ASAP-0030657-001,0,312.295
ASAP-0030658-001,0,303.362
ASAP-0030666-001,0,340.427
ASAP-0030668-001,0,305.381
ASAP-0030678-001,0,342.403
ASAP-0030679-001,0,283.335
ASAP-0030681-001,0,305.378
ASAP-0030696-001,0,329.381
ASAP-0030699-001,0,325.434
ASAP-0030704-001,0,325.321
ASAP-0030707-001,0,323.389
ASAP-0030725-001,0,327.409
ASAP-0030728-001,0,317.366
ASAP-0030729-001,0,312.416
ASAP-0030733-001,0,365.882
ASAP-0030762-001,0,349.412
ASAP-0030768-001,0,310.419
ASAP-0030770-001,0,318.402
ASAP-0030781-001,0,331.166
ASAP-0030784-001,0,316.426
ASAP-0030786-001,0,346.412
ASAP-0030791-001,0,325.321
ASAP-0030793-001,0,312.369
ASAP-0030795-001,0,306.343
ASAP-0030803-001,0,386.452
ASAP-0030815-001,0,297.292
ASAP-0030829-001,0,313.357
ASAP-0030831-001,0,391.371
ASAP-0030836-001,0,383.416
ASAP-0030843-001,0,329.425
ASAP-0030849-001,0,276.361
ASAP-0030868-001,0,319.382
ASAP-0030877-001,0,432.303
ASAP-0030883-001,0,327.45
ASAP-0030884-001,0,315.345
ASAP-0030915-001,0,300.402
ASAP-0030977-001,0,318.764
ASAP-0031119-001,0,311.338
ASAP-0031136-001,0,286.328
ASAP-0031154-001,0,302.371
ASAP-0031163-001,0,293.323
ASAP-0031168-001,0,300.399
ASAP-0031171-001,0,313.379
ASAP-0031172-001,0,307.35
ASAP-0031179-001,0,298.339
ASAP-0031193-001,0,281.312
ASAP-0031202-001,0,314.382
ASAP-0031209-001,0,313.354
ASAP-0031225-001,0,325.39
ASAP-0031230-001,0,270.329
ASAP-0031234-001,0,313.398
ASAP-0031243-001,0,280.328
ASAP-0031249-001,0,272.301
ASAP-0031252-001,0,272.301
ASAP-0031255-001,0,296.367
ASAP-0031256-001,0,300.233
ASAP-0031257-001,0,270.329
ASAP-0031258-001,0,305.334
ASAP-0031262-001,0,297.311
ASAP-0031263-001,0,299.327
ASAP-0031264-001,0,316.354
ASAP-0031271-001,0,295.339
ASAP-0031291-001,0,340.424
ASAP-0031292-001,0,314.298
ASAP-0031300-001,0,296.367
ASAP-0031302-001,0,307.354
ASAP-0031316-001,0,342.396
ASAP-0031320-001,0,343.408
ASAP-0031329-001,0,258.325
ASAP-0031336-001,0,283.284
ASAP-0031342-001,0,272.348
ASAP-0031343-001,0,300.424
ASAP-0031353-001,0,272.301
ASAP-0031366-001,0,321.38
ASAP-0031368-001,0,259.309
ASAP-0031374-001,0,298.339
ASAP-0031378-001,0,314.382
ASAP-0031385-001,0,286.328
ASAP-0031386-001,0,300.362
ASAP-0031391-001,0,327.381
ASAP-0031399-001,0,272.301
ASAP-0031401-001,0,297.355
ASAP-0031405-001,0,287.319
ASAP-0031422-001,0,342.42
ASAP-0031424-001,0,312.326
ASAP-0031429-001,0,258.321
ASAP-0031438-001,0,299.374
ASAP-0031439-001,0,284.356
ASAP-0031441-001,0,313.354
ASAP-0031476-001,0,322.29
ASAP-0031480-001,0,305.378
ASAP-0031481-001,0,312.391
ASAP-0031485-001,0,287.341
ASAP-0031486-001,0,269.304
ASAP-0031487-001,0,337.305
ASAP-0031489-001,0,282.3
ASAP-0031490-001,0,381.411
ASAP-0031491-001,0,284.356
ASAP-0031495-001,0,283.372
ASAP-0031503-001,0,312.41
ASAP-0031504-001,0,302.371
ASAP-0031505-001,0,286.335
ASAP-0031507-001,0,277.324
ASAP-0031508-001,0,261.325
ASAP-0031510-001,0,305.355
ASAP-0031512-001,0,323.418
ASAP-0031513-001,0,297.336
ASAP-0031517-001,0,307.419
ASAP-0031521-001,0,286.372
ASAP-0031523-001,0,362.415
ASAP-0031526-001,0,301.39
ASAP-0031529-001,0,359.401
ASAP-0031531-001,0,347.3
ASAP-0031532-001,0,315.373
ASAP-0031535-001,0,262.309
ASAP-0031537-001,0,306.362
ASAP-0031538-001,0,294.273
ASAP-0031542-001,0,273.336
ASAP-0031543-001,0,302.378
ASAP-0031544-001,0,397.45
ASAP-0031551-001,0,315.37
ASAP-0031559-001,0,297.355
ASAP-0031560-001,0,268.357
ASAP-0031561-001,0,368.568
ASAP-0031562-001,0,346.368
ASAP-0031563-001,0,322.35
ASAP-0031568-001,0,298.289
ASAP-0031571-001,0,285.347
ASAP-0031574-001,0,286.335
ASAP-0031576-001,0,285.347
ASAP-0031577-001,0,348.306
ASAP-0031578-001,0,323.278
ASAP-0031581-001,0,344.396
ASAP-0031582-001,0,345.38
ASAP-0031584-001,0,294.326
ASAP-0031585-001,0,312.41
ASAP-0031587-001,0,273.336
ASAP-0031588-001,0,390.374
ASAP-0031589-001,0,275.352
ASAP-0031593-001,0,259.309
ASAP-0031597-001,0,255.281
ASAP-0031603-001,0,300.431
ASAP-0031605-001,0,330.369
ASAP-0031607-001,0,296.352
ASAP-0031608-001,0,264.281
ASAP-0031609-001,0,341.165
ASAP-0031610-001,0,355.232
ASAP-0031611-001,0,258.321
ASAP-0031612-001,0,285.347
ASAP-0031615-001,0,282.343
ASAP-0031619-001,0,338.326
ASAP-0031620-001,0,330.369
ASAP-0031621-001,0,325.393
ASAP-0031624-001,0,407.496
ASAP-0031629-001,0,259.309
ASAP-0031630-001,0,295.342
ASAP-0031640-001,0,290.363
ASAP-0031642-001,0,358.385
ASAP-0031643-001,0,342.342
ASAP-0031644-001,0,293.37
ASAP-0031645-001,0,261.325
ASAP-0031646-001,0,398.227
ASAP-0031649-001,0,304.331
ASAP-0031652-001,0,278.352
ASAP-0031656-001,0,363.399
ASAP-0031657-001,0,332.326
ASAP-0031658-001,0,308.319
ASAP-0031659-001,0,308.353
ASAP-0031662-001,0,336.417
ASAP-0031663-001,0,330.381
ASAP-0031666-001,0,360.439
ASAP-0031667-001,0,269.308
ASAP-0031669-001,0,345.38
ASAP-0031671-001,0,393.487
ASAP-0031676-001,0,325.269
ASAP-0031677-001,0,349.312
ASAP-0031678-001,0,338.311
ASAP-0031679-001,0,357.75
ASAP-0031681-001,0,352.818
ASAP-0031682-001,0,324.406
ASAP-0031684-001,0,311.363
ASAP-0031685-001,0,357.439
ASAP-0031686-001,0,344.463
ASAP-0031689-001,0,337.317
ASAP-0031695-001,0,371.437
ASAP-0031696-001,0,260.337
ASAP-0031699-001,0,354.775
ASAP-0031705-001,0,424.238
ASAP-0031706-001,0,360.401
ASAP-0031707-001,0,321.306
ASAP-0031708-001,0,272.345
ASAP-0031712-001,0,320.352
ASAP-0031713-001,0,274.364
ASAP-0031714-001,0,353.382
ASAP-0031715-001,0,335.274
ASAP-0031716-001,0,355.326
ASAP-0031717-001,0,411.321
ASAP-0031718-001,0,363.368
ASAP-0031719-001,0,341.345
ASAP-0031725-001,0,373.247
ASAP-0031726-001,0,270.292
ASAP-0031727-001,0,335.291
ASAP-0031728-001,0,342.786
ASAP-0031732-001,0,427.339
ASAP-0031735-001,0,346.297
ASAP-0031736-001,0,271.361
ASAP-0031737-001,0,455.452
ASAP-0031738-001,0,331.394
ASAP-0031739-001,0,379.398
ASAP-0031743-001,0,392.297
ASAP-0031749-001,0,342.233
ASAP-0031751-001,0,328.206
ASAP-0031752-001,0,403.227
ASAP-0031753-001,0,341.249
ASAP-0031762-001,0,355.276
ASAP-0031767-001,0,367.247
ASAP-0031770-001,0,339.189
ASAP-0031783-001,0,353.22
ASAP-0031786-001,0,371.275
ASAP-0031789-001,0,290.367
ASAP-0031791-001,0,397.191
ASAP-0031797-001,0,355.276
ASAP-0031801-001,0,376.254
ASAP-0031802-001,0,369.259
ASAP-0031807-001,0,379.258
ASAP-0031810-001,0,358.232
ASAP-0031814-001,0,427.339
ASAP-0031819-001,0,329.194
ASAP-0031820-001,0,395.253
ASAP-0031821-001,0,352.232
ASAP-0031823-001,0,269.345
ASAP-0031826-001,0,330.222
ASAP-0031831-001,0,330.381
ASAP-0031838-001,0,415.328
ASAP-0031843-001,0,355.257
ASAP-0031846-001,0,294.354
ASAP-0031849-001,0,280.324
ASAP-0031854-001,0,378.27
ASAP-0031856-001,0,262.309
ASAP-0031862-001,0,378.288
ASAP-0031864-001,0,288.307
ASAP-0031866-001,0,286.328
ASAP-0031874-001,0,352.232
ASAP-0031880-001,0,337.217
ASAP-0031886-001,0,380.242
ASAP-0031890-001,0,404.326
ASAP-0031892-001,0,342.233
ASAP-0031895-001,0,274.317
ASAP-0031897-001,0,291.351
ASAP-0031903-001,0,354.204
ASAP-0031925-001,0,317.414
ASAP-0031939-001,0,276.34
ASAP-0031940-001,0,290.367
ASAP-0031942-001,0,300.362
ASAP-0031954-001,0,317.389
ASAP-0031962-001,0,328.206
ASAP-0031966-001,0,364.243
ASAP-0031975-001,0,347.378
ASAP-0031976-001,0,298.364
ASAP-0031977-001,0,284.319
ASAP-0031979-001,0,313.76
ASAP-0031984-001,0,270.292
ASAP-0031985-001,0,282.321
ASAP-0031986-001,0,294.358
ASAP-0031988-001,0,295.342
ASAP-0031989-001,0,295.346
ASAP-0031990-001,0,318.287
ASAP-0031993-001,0,371.231
ASAP-0031996-001,0,319.275
ASAP-0031997-001,0,334.401
ASAP-0031998-001,0,324.316
ASAP-0031999-001,0,310.691
ASAP-0032000-001,0,295.346
ASAP-0032006-001,0,309.369
ASAP-0032007-001,0,283.282
ASAP-0032010-001,0,341.408
ASAP-0032011-001,0,314.414
ASAP-0032012-001,0,298.297
ASAP-0032013-001,0,283.331
ASAP-0032014-001,0,295.346
ASAP-0032016-001,0,283.335
ASAP-0032017-001,0,297.376
ASAP-0032018-001,0,276.336
ASAP-0032019-001,0,268.357
ASAP-0032020-001,0,270.292
ASAP-0032022-001,0,284.363
ASAP-0032024-001,0,260.297
ASAP-0032025-001,0,296.33
ASAP-0032026-001,0,304.353
ASAP-0032029-001,0,355.435
ASAP-0032030-001,0,338.835
ASAP-0032033-001,0,379.176
ASAP-0032034-001,0,326.374
ASAP-0032035-001,0,311.329
ASAP-0032036-001,0,300.387
ASAP-0032037-001,0,298.289
ASAP-0032040-001,0,321.324
ASAP-0032041-001,0,271.28
ASAP-0032044-001,0,283.335
ASAP-0032047-001,0,296.33
ASAP-0032048-001,0,300.309
ASAP-0032049-001,0,270.292
ASAP-0032053-001,0,285.391
ASAP-0032055-001,0,311.336
ASAP-0032056-001,0,300.309
ASAP-0032057-001,0,255.365
ASAP-0032060-001,0,330.391
ASAP-0032062-001,0,297.376
ASAP-0032063-001,0,362.178
ASAP-0032068-001,0,281.319
ASAP-0032069-001,0,362.178
ASAP-0032070-001,0,371.145
ASAP-0032071-001,0,310.308
ASAP-0032072-001,0,327.381
ASAP-0032073-001,0,283.331
ASAP-0032074-001,0,336.395
ASAP-0032075-001,0,289.31
ASAP-0032077-001,0,270.296
ASAP-0032078-001,0,301.35
ASAP-0032081-001,0,320.352
ASAP-0032082-001,0,283.335
ASAP-0032085-001,0,300.309
ASAP-0032086-001,0,378.441
ASAP-0032087-001,0,300.309
ASAP-0032089-001,0,273.336
ASAP-0032090-001,0,312.295
ASAP-0032093-001,0,298.346
ASAP-0032094-001,0,281.319
ASAP-0032095-001,0,298.268
ASAP-0032099-001,0,285.351
ASAP-0032101-001,0,374.189
ASAP-0032102-001,0,297.376
ASAP-0032105-001,0,280.299
ASAP-0032106-001,0,285.307
ASAP-0032108-001,0,304.368
ASAP-0032109-001,0,308.332
ASAP-0032110-001,0,338.339
ASAP-0032114-001,0,318.38
ASAP-0032115-001,0,374.418
ASAP-0032116-001,0,341.408
ASAP-0032117-001,0,269.308
ASAP-0032120-001,0,315.323
ASAP-0032124-001,0,295.346
ASAP-0032127-001,0,300.309
ASAP-0032129-001,0,339.395
ASAP-0032130-001,0,280.331
ASAP-0032131-001,0,330.391
ASAP-0032132-001,0,270.292
ASAP-0032133-001,0,301.375
ASAP-0032135-001,0,309.373
ASAP-0032136-001,0,270.296
ASAP-0032137-001,0,328.206
ASAP-0032138-001,0,255.325
ASAP-0032140-001,0,288.298
ASAP-0032141-001,0,256.265
ASAP-0032142-001,0,281.363
ASAP-0032143-001,0,318.287
ASAP-0032144-001,0,270.329
ASAP-0032145-001,0,297.358
ASAP-0032149-001,0,267.288
ASAP-0032151-001,0,361.507
ASAP-0032152-001,0,273.317
ASAP-0032162-001,0,261.325
ASAP-0032169-001,0,270.329
ASAP-0032171-001,0,335.444
ASAP-0032177-001,0,262.309
ASAP-0032182-001,0,373.396
ASAP-0032187-001,0,271.32
ASAP-0032191-001,0,297.38
ASAP-0032199-001,0,332.747
ASAP-0032205-001,0,319.275
ASAP-0032206-001,0,296.352
ASAP-0032208-001,0,394.472
ASAP-0032209-001,0,267.373
ASAP-0032214-001,0,351.443
ASAP-0032215-001,0,350.3
ASAP-0032217-001,0,351.443
ASAP-0032219-001,0,288.229
ASAP-0032221-001,0,377.937
ASAP-0032222-001,0,296.33
ASAP-0032227-001,0,369.433
ASAP-0032229-001,0,257.253
ASAP-0032230-001,0,330.775
ASAP-0032231-001,0,341.408
ASAP-0032234-001,0,311.407
ASAP-0032236-001,0,296.33
ASAP-0032243-001,0,296.33
ASAP-0032245-001,0,336.327
ASAP-0032247-001,0,373.518
ASAP-0032250-001,0,347.48
ASAP-0032255-001,0,279.727
ASAP-0032258-001,0,271.32
ASAP-0032265-001,0,395.927
ASAP-0032267-001,0,268.276
ASAP-0032268-001,0,267.288
ASAP-0032270-001,0,377.937
ASAP-0032272-001,0,373.518
ASAP-0032283-001,0,275.352
ASAP-0032284-001,0,427.541
ASAP-0032288-001,0,283.287
ASAP-0032293-001,0,260.297
ASAP-0032296-001,0,406.523
ASAP-0032298-001,0,258.325
ASAP-0032301-001,0,337.252
ASAP-0032309-001,0,283.282
ASAP-0032317-001,0,275.352
ASAP-0032318-001,0,319.188
ASAP-0032324-001,0,279.344
ASAP-0032331-001,0,306.366
ASAP-0032336-001,0,287.363
ASAP-0032338-001,0,265.317
ASAP-0032345-001,0,365.434
ASAP-0032346-001,0,262.313
ASAP-0032361-001,0,275.352
ASAP-0032370-001,0,296.374
ASAP-0032377-001,0,308.378
ASAP-0032394-001,0,261.325
ASAP-0032400-001,0,273.296
ASAP-0032405-001,0,262.313
ASAP-0032415-001,0,334.441
ASAP-0032416-001,0,291.351
ASAP-0032420-001,0,315.37
ASAP-0032421-001,0,293.392
ASAP-0032424-001,0,311.432
ASAP-0032425-001,0,323.418
ASAP-0032431-001,0,374.506
ASAP-0032433-001,0,415.559
ASAP-0032434-001,0,263.337
ASAP-0032439-001,0,284.363
ASAP-0032440-001,0,290.363
ASAP-0032441-001,0,261.325
ASAP-0032442-001,0,347.436
ASAP-0032443-001,0,284.363
ASAP-0032445-001,0,263.337
ASAP-0032446-001,0,300.362
ASAP-0032448-001,0,308.407
ASAP-0032451-001,0,318.417
ASAP-0032457-001,0,280.287
ASAP-0032459-001,0,334.445
ASAP-0032460-001,0,269.264
ASAP-0032463-001,0,312.391
ASAP-0032464-001,0,377.51
ASAP-0032465-001,0,287.323
ASAP-0032467-001,0,336.432
ASAP-0032470-001,0,318.373
ASAP-0032472-001,0,333.413
ASAP-0032473-001,0,290.363
ASAP-0032474-001,0,332.469
ASAP-0032475-001,0,276.336
ASAP-0032476-001,0,346.452
ASAP-0032477-001,0,376.522
ASAP-0032481-001,0,324.406
ASAP-0032484-001,0,326.352
ASAP-0032485-001,0,286.335
ASAP-0032487-001,0,324.38
ASAP-0032488-001,0,374.506
ASAP-0032490-001,0,284.363
ASAP-0032491-001,0,296.371
ASAP-0032492-001,0,291.351
ASAP-0032493-001,0,326.418
ASAP-0032494-001,0,285.347
ASAP-0032495-001,0,290.363
ASAP-0032497-001,0,294.376
ASAP-0032498-001,0,342.399
ASAP-0032499-001,0,290.363
ASAP-0032501-001,0,286.335
ASAP-0032504-001,0,377.51
ASAP-0032505-001,0,304.39
ASAP-0032506-001,0,284.319
ASAP-0032507-001,0,284.381
ASAP-0032508-001,0,346.452
ASAP-0032511-001,0,262.313
ASAP-0032513-001,0,288.347
ASAP-0032515-001,0,261.325
ASAP-0032517-001,0,322.434
ASAP-0032518-001,0,258.321
ASAP-0032519-001,0,333.457
ASAP-0032520-001,0,325.459
ASAP-0032521-001,0,337.445
ASAP-0032524-001,0,285.347
ASAP-0032533-001,0,290.363
ASAP-0032534-001,0,294.376
ASAP-0032536-001,0,291.351
ASAP-0032538-001,0,287.363
ASAP-0032539-001,0,285.347
ASAP-0032540-001,0,371.462
ASAP-0032544-001,0,317.389
ASAP-0032547-001,0,276.336
ASAP-0032548-001,0,286.335
ASAP-0032551-001,0,290.363
ASAP-0032552-001,0,299.374
ASAP-0032553-001,0,284.363
ASAP-0032554-001,0,262.353
ASAP-0032555-001,0,290.363
ASAP-0032556-001,0,275.352
ASAP-0032557-001,0,278.308
ASAP-0032558-001,0,302.374
ASAP-0032563-001,0,305.378
ASAP-0032564-001,0,325.39
ASAP-0032566-001,0,312.435
ASAP-0032567-001,0,300.358
ASAP-0032569-001,0,346.452
ASAP-0032570-001,0,287.319
ASAP-0032571-001,0,314.41
ASAP-0032573-001,0,339.417
ASAP-0032575-001,0,274.292
ASAP-0032580-001,0,328.387
ASAP-0032586-001,0,399.556
ASAP-0032595-001,0,333.453
ASAP-0032597-001,0,324.38
ASAP-0032599-001,0,305.378
ASAP-0032601-001,0,291.351
ASAP-0032602-001,0,288.307
ASAP-0032603-001,0,376.522
ASAP-0032610-001,0,298.408
ASAP-0032612-001,0,321.446
ASAP-0032615-001,0,255.277
ASAP-0032620-001,0,336.417
ASAP-0032621-001,0,325.84
ASAP-0032622-001,0,318.417
ASAP-0032635-001,0,352.431
ASAP-0032639-001,0,337.445
ASAP-0032651-001,0,399.556
ASAP-0032655-001,0,316.283
ASAP-0032659-001,0,310.353
ASAP-0032664-001,0,310.353
ASAP-0032667-001,0,403.504
ASAP-0032675-001,0,255.277
ASAP-0032679-001,0,333.453
ASAP-0032683-001,0,255.277
ASAP-0032694,0,280.324
ASAP-0032695,0,318.373
ASAP-0032696,0,296.392
ASAP-0032698,0,282.365
ASAP-0032699,0,282.365
ASAP-0032700,0,282.365
ASAP-0032701,0,266.297
ASAP-0032702,0,294.376
ASAP-0032703,0,308.403
ASAP-0032705,0,266.297
ASAP-0032706,0,266.297
ASAP-0032708,0,309.391
ASAP-0032709,0,322.336
ASAP-0032710,0,332.4
ASAP-0032711,0,306.362
ASAP-0032713,0,280.349
ASAP-0032714,0,294.376
ASAP-0032715,0,298.339
ASAP-0032716,0,292.335
ASAP-0032717,0,306.362
ASAP-0032718,0,306.362
ASAP-0032719,0,320.389
ASAP-0032722-001,0,387.545
ASAP-0032734-001,0,403.975
ASAP-0032735-001,0,330.432
ASAP-0032742-001,0,448.426
ASAP-0032744-001,0,268.316
ASAP-0032748-001,0,432.561
ASAP-0032752-001,0,361.482
ASAP-0032753-001,0,281.319
ASAP-0032756-001,0,403.975
ASAP-0032761-001,0,425.913
ASAP-0032764-001,0,289.379
ASAP-0032766-001,0,308.407
ASAP-0032769-001,0,276.336
ASAP-0032775-001,0,326.824
ASAP-0032777-001,0,291.351
ASAP-0032778-001,0,313.423
ASAP-0032780-001,0,288.322
ASAP-0032792-001,0,324.472
ASAP-0032796-001,0,377.481
ASAP-0032801-001,0,346.408
ASAP-0032805-001,0,346.496
ASAP-0032807-001,0,399.434
ASAP-0032809-001,0,277.32
ASAP-0032811-001,0,289.379
ASAP-0032812-001,0,301.39
ASAP-0032825-001,0,289.379
ASAP-0032826-001,0,330.409
ASAP-0032831-001,0,364.471
ASAP-0034375-001,0,305.378
ASAP-0034378-001,0,342.483
ASAP-0034382-001,0,291.351
ASAP-0034384-001,0,271.32
ASAP-0034405-001,0,312.333
ASAP-0034415-001,0,277.324
ASAP-0034428-001,0,373.222
ASAP-0034433-001,0,425.352
ASAP-0034443-001,0,340.445
ASAP-0034444-001,0,347.459
ASAP-0034454-001,0,326.418
ASAP-0034464-001,0,312.391
ASAP-0034465-001,0,274.32
ASAP-0034471-001,0,291.351
ASAP-0034479-001,0,316.361
ASAP-0034490-001,0,313.361
ASAP-0035271-001,0,337.423
ASAP-0035273-001,0,313.357
ASAP-0035282-001,0,287.319
ASAP-0035285-001,0,304.39
ASAP-0035295-001,0,297.358
ASAP-0035305-001,0,276.292
ASAP-0035309-001,0,302.374
ASAP-0035310-001,0,292.339
ASAP-0035312-001,0,316.283
ASAP-0035324-001,0,338.385
ASAP-0035327-001,0,288.347
ASAP-0035329-001,0,301.39
ASAP-0035330-001,0,335.404
ASAP-0035331-001,0,360.382
ASAP-0035334-001,0,316.401
ASAP-0035358-001,0,319.346
ASAP-0035360-001,0,305.378
ASAP-0035373-001,0,356.426
ASAP-0035374-001,0,290.363
ASAP-0035379-001,0,318.299
ASAP-0035389-001,0,262.353
ASAP-0035392-001,0,290.319
ASAP-0035395-001,0,288.391
ASAP-0035408-001,0,300.362
ASAP-0035409-001,0,312.373
ASAP-0035419-001,0,303.387
ASAP-0036204-001,0,270.336
ASAP-0036205-001,0,306.362
ASAP-0036206-001,0,264.325
ASAP-0036207-001,0,278.352
ASAP-0036215-001,0,290.363
ASAP-0036227-001,0,274.32
ASAP-0036237-001,0,275.377
ASAP-0036238-001,0,388.493
ASAP-0036241-001,0,304.39
ASAP-0036246-001,0,292.379
ASAP-0036247-001,0,274.32
ASAP-0036248-001,0,288.347
ASAP-0036250-001,0,407.898
ASAP-0036254-001,0,264.325
ASAP-0036271-001,0,278.308
ASAP-0036275-001,0,292.335
ASAP-0036279-001,0,307.419
ASAP-0036280-001,0,303.322
ASAP-0036281-001,0,300.362
ASAP-0036284-001,0,365.271
ASAP-0036285-001,0,301.346
ASAP-0036289-001,0,313.401
ASAP-0036290-001,0,371.25
ASAP-0036292-001,0,290.363
ASAP-0036293-001,0,302.334
ASAP-0036296-001,0,286.375
ASAP-0036299-001,0,315.358
ASAP-0036300-001,0,327.384
ASAP-0036301-001,0,300.362
ASAP-0036305-001,0,300.362
ASAP-0036307-001,0,301.346
ASAP-0036309-001,0,355.265
ASAP-0036325-001,0,369.234
ASAP-0036326-001,0,285.347
ASAP-0036329-001,0,332.734
ASAP-0036331-001,0,304.365
ASAP-0036333-001,0,394.313
ASAP-0036335-001,0,355.232
ASAP-0036338-001,0,291.355
ASAP-0036343-001,0,303.318
ASAP-0036346-001,0,290.363
ASAP-0036350-001,0,296.37
ASAP-0036354-001,0,357.304
ASAP-0036356-001,0,302.334
ASAP-0036364-001,0,347.415
ASAP-0036373-001,0,291.326
ASAP-0036376-001,0,357.209
ASAP-0036378-001,0,276.336
ASAP-0036381-001,0,300.402
ASAP-0036385-001,0,300.362
ASAP-0036388-001,0,353.26
ASAP-0036396-001,0,290.338
ASAP-0036399-001,0,304.39
ASAP-0036401-001,0,301.346
ASAP-0036415-001,0,308.341
ASAP-0036417-001,0,330.369
ASAP-0036418-001,0,372.387
ASAP-0036419-001,0,264.328
ASAP-0036425-001,0,291.351
ASAP-0036426-001,0,270.332
ASAP-0036432-001,0,320.396
ASAP-0036434-001,0,309.325
ASAP-0036438-001,0,324.184
ASAP-0036440-001,0,316.401
ASAP-0036453-001,0,290.628
ASAP-0036454-001,0,309.325
ASAP-0036455-001,0,344.396
ASAP-0036458-001,0,320.274
ASAP-0036462-001,0,305.378
ASAP-0036463-001,0,296.411
ASAP-0036465-001,0,316.342
ASAP-0036466-001,0,335.688
ASAP-0036473-001,0,327.344
ASAP-0036477-001,0,263.297
ASAP-0036478-001,0,297.141
ASAP-0036479-001,0,343.412
ASAP-0036483-001,0,325.315
ASAP-0036487-001,0,292.338
ASAP-0036490-001,0,358.36
ASAP-0036495-001,0,314.301
ASAP-0036496-001,0,329.385
ASAP-0036502-001,0,283.328
ASAP-0036505-001,0,281.233
ASAP-0036506-001,0,318.442
ASAP-0036509-001,0,345.321
ASAP-0036510-001,0,299.286
ASAP-0036513-001,0,298.302
ASAP-0036516-001,0,331.199
ASAP-0036517-001,0,258.325
ASAP-0036519-001,0,329.381
ASAP-0036520-001,0,280.328
ASAP-0036530-001,0,298.39
ASAP-0036534-001,0,298.745
ASAP-0036537-001,0,315.417
ASAP-0036542-001,0,308.341
ASAP-0036554-001,0,308.403
ASAP-0036556-001,0,291.347
ASAP-0036558-001,0,347.484
ASAP-0036564-001,0,331.416
ASAP-0036566-001,0,321.446
ASAP-0036567-001,0,329.385
ASAP-0036570-001,0,377.844
ASAP-0036575-001,0,387.358
ASAP-0036576-001,0,361.442
ASAP-0036585-001,0,295.343
ASAP-0036588-001,0,311.382
ASAP-0036590-001,0,328.328
ASAP-0036591-001,0,263.224
ASAP-0036601-001,0,414.424
ASAP-0036602-001,0,350.216
ASAP-0036603-001,0,328.412
ASAP-0036606-001,0,297.423
ASAP-0036607-001,0,297.395
ASAP-0036613-001,0,265.316
ASAP-0036617-001,0,333.457
ASAP-0036622-001,0,268.357
ASAP-0036623-001,0,285.359
ASAP-0036625-001,0,295.343
ASAP-0036627-001,0,278.377
ASAP-0036636-001,0,332.469
ASAP-0036642-001,0,381.807
ASAP-0036644-001,0,330.431
ASAP-0036646-001,0,318.442
ASAP-0036647-001,0,342.486
ASAP-0036652-001,0,278.377
ASAP-0036660-001,0,344.864
ASAP-0036661-001,0,334.397
ASAP-0036667-001,0,347.362
ASAP-0036672-001,0,351.453
ASAP-0036674-001,0,306.431
ASAP-0036684-001,0,307.459
ASAP-0036688-001,0,301.415
ASAP-0036689-001,0,315.442
ASAP-0036690-001,0,319.47
ASAP-0036694-001,0,301.415
ASAP-0036697-001,0,327.449
ASAP-0036699-001,0,428.451
ASAP-0036704-001,0,314.432
ASAP-0036706-001,0,291.38
ASAP-0036709-001,0,403.888
ASAP-0036711-001,0,274.389
ASAP-0036714-001,0,315.442
ASAP-0036721-001,0,340.782
ASAP-0036733-001,0,335.469
ASAP-0036735-001,0,423.413
ASAP-0036739-001,0,315.385
ASAP-0036741-001,0,321.442
ASAP-0036742-001,0,275.417
ASAP-0036743-001,0,350.465
ASAP-0036744-001,0,392.318
ASAP-0036745-001,0,304.415
ASAP-0036748-001,0,325.796
ASAP-0036749-001,0,322.405
ASAP-0036752-001,0,317.414
ASAP-0036754-001,0,328.384
ASAP-0036757-001,0,279.405
ASAP-0036760-001,0,318.442
ASAP-0036766-001,0,305.403
ASAP-0036767-001,0,305.443
ASAP-0036769-001,0,334.441
ASAP-0036770-001,0,328.459
ASAP-0036772-001,0,293.432
ASAP-0036774-001,0,347.415
ASAP-0036776-001,0,304.415
ASAP-0036777-001,0,305.443
ASAP-0036780-001,0,342.486
ASAP-0036781-001,0,304.415
ASAP-0036786-001,0,328.459
ASAP-0036787-001,0,304.415
ASAP-0036790-001,0,318.442
ASAP-0036796-001,0,339.367
ASAP-0036799-001,0,273.401
ASAP-0036802-001,0,314.432
ASAP-0036806-001,0,318.442
ASAP-0036810-001,0,327.471
ASAP-0036813-001,0,306.431
ASAP-0036822-001,0,288.416
ASAP-0036823-001,0,293.432
ASAP-0036824-001,0,295.423
ASAP-0036825-001,0,317.376
ASAP-0036828-001,0,367.833
ASAP-0036829-001,0,309.431
ASAP-0037610-001,0,339.395
ASAP-0037617-001,0,345.428
ASAP-0037622-001,0,278.312
ASAP-0037628-001,0,305.443
ASAP-0037632-001,0,309.406
ASAP-0037638-001,0,287.428
ASAP-0037656-001,0,300.383
ASAP-0037664-001,0,362.476
ASAP-0037675-001,0,278.308
ASAP-0037679-001,0,304.394
ASAP-0037688-001,0,276.34
ASAP-0037705-001,0,309.797
ASAP-0037734-001,0,305.378
ASAP-0037749-001,0,285.413
ASAP-0037799-001,0,287.363
ASAP-0037803-001,0,264.329
ASAP-0037805-001,0,347.44
ASAP-0038122-001,0,332.448
ASAP-0038137-001,0,296.348
ASAP-0038144-001,0,320.458
ASAP-0038154-001,0,307.459
ASAP-0038155-001,0,322.43
ASAP-0038166-001,0,315.442
ASAP-0038174-001,0,345.399
ASAP-0038212-001,0,322.369
ASAP-0038224-001,0,334.379
ASAP-0038228-001,0,292.335
ASAP-0038232-001,0,306.431
ASAP-0038250-001,0,386.315
ASAP-0038254-001,0,315.442
ASAP-0038262-001,0,343.246
ASAP-0038265-001,0,293.327
ASAP-0038267-001,0,413.396
ASAP-0038274-001,0,331.416
ASAP-0038276-001,0,266.272
ASAP-0038281-001,0,331.416
ASAP-0038283-001,0,348.403
ASAP-0038288-001,0,374.466
ASAP-0038294-001,0,261.281
ASAP-0038299-001,0,305.338
ASAP-0038408-001,0,303.362
ASAP-0038411-001,0,282.384
ASAP-0038412-001,0,282.384
ASAP-0038433-001,0,300.424
ASAP-0038446-001,0,274.324
ASAP-0038450-001,0,300.424
ASAP-0038451-001,0,300.424
ASAP-0038453-001,0,365.231
ASAP-0038454-001,0,298.346
ASAP-0038459-001,0,279.344
ASAP-0038460-001,0,279.344
ASAP-0038465-001,0,313.357
ASAP-0038466-001,0,289.379
ASAP-0038467-001,0,289.379
ASAP-0038479-001,0,341.77
ASAP-0038482-001,0,275.352
ASAP-0038483-001,0,275.352
ASAP-0038486-001,0,434.5
ASAP-0038489-001,0,361.261
ASAP-0038500-001,0,320.353
ASAP-0038501-001,0,308.809
ASAP-0038504-001,0,303.362
ASAP-0038509-001,0,304.415
ASAP-0038511-001,0,268.357
ASAP-0038517-001,0,262.313
ASAP-0038518-001,0,282.727
ASAP-0038521-001,0,315.399
ASAP-0038531-001,0,375.494
ASAP-0038534-001,0,299.44
ASAP-0038548-001,0,265.317
ASAP-0038559-001,0,299.44
ASAP-0038574-001,0,320.353
ASAP-0038577-001,0,348.403
ASAP-0038579-001,0,310.419
ASAP-0038592-001,0,319.329
ASAP-0038593-001,0,320.408
ASAP-0038596-001,0,382.529
ASAP-0038602-001,0,306.431
ASAP-0038604-001,0,284.743
ASAP-0038607-001,0,289.379
ASAP-0038614-001,0,335.835
ASAP-0038622-001,0,284.356
ASAP-0038631-001,0,282.413
ASAP-0038635-001,0,310.394
ASAP-0038639-001,0,323.374
ASAP-0038644-001,0,332.784
ASAP-0038649-001,0,301.411
ASAP-0038651-001,0,304.799
ASAP-0038652-001,0,345.624
ASAP-0038660-001,0,315.46
ASAP-0038662-001,0,333.331
ASAP-0038663-001,0,334.434
ASAP-0038679-001,0,294.395
ASAP-0038682-001,0,359.445
ASAP-0038696-001,0,338.816
ASAP-0038700-001,0,264.3
ASAP-0038702-001,0,279.727
ASAP-0038704-001,0,299.392
ASAP-0038718-001,0,284.356
ASAP-0038727-001,0,322.369
ASAP-0038728-001,0,347.48
ASAP-0038738-001,0,284.356
ASAP-0038742-001,0,343.196
ASAP-0038745-001,0,289.335
ASAP-0038749-001,0,342.361
ASAP-0038753-001,0,313.756
ASAP-0038755-001,0,278.381
ASAP-0038761-001,0,333.392
ASAP-0038762-001,0,300.322
ASAP-0038768-001,0,320.414
ASAP-0038772-001,0,314.838
ASAP-0038774-001,0,320.78
ASAP-0038776-001,0,367.203
ASAP-0038779-001,0,288.413
ASAP-0038788-001,0,282.727
ASAP-0038791-001,0,280.368
ASAP-0038799-001,0,348.346
ASAP-0038805-001,0,280.368
ASAP-0038807-001,0,383.319
ASAP-0038812-001,0,391.493
ASAP-0038821-001,0,322.355
ASAP-0038824-001,0,336.382
ASAP-0038833-001,0,364.877
ASAP-0038851-001,0,336.413
ASAP-0038856-001,0,284.425
ASAP-0038869-001,0,317.389
ASAP-0038885-001,0,272.32
ASAP-0038886-001,0,289.379
ASAP-0038890-001,0,328.459
ASAP-0038930-001,0,289.335
ASAP-0038944-001,0,336.457
ASAP-0038949-001,0,350.846
ASAP-0038954-001,0,356.41
ASAP-0038965-001,0,264.329
ASAP-0038968-001,0,343.254
ASAP-0039000-001,0,319.792
ASAP-0039014-001,0,296.317
ASAP-0039017-001,0,303.366
ASAP-0039036-001,0,296.317
ASAP-0039047-001,0,331.372
ASAP-0039060-001,0,349.456
ASAP-0039065-001,0,306.337
ASAP-0039066-001,0,319.386
ASAP-0039070-001,0,321.381
ASAP-0039081-001,0,347.44
ASAP-0039110-001,0,315.2
ASAP-0039118-001,0,289.335
ASAP-0039121-001,0,290.338
ASAP-0039136-001,0,280.368
ASAP-0039140-001,0,348.353
ASAP-0039144-001,0,293.371
ASAP-0039169-001,0,358.825
ASAP-0039180-001,0,331.416
ASAP-0039185-001,0,290.298
ASAP-0039192-001,0,337.379
ASAP-0039218-001,0,292.343
ASAP-0039220-001,0,279.344
ASAP-0039227-001,0,301.35
ASAP-0039230-001,0,278.327
ASAP-0039241-001,0,376.428
ASAP-0039256-001,0,334.326
ASAP-0039258-001,0,451.39
ASAP-0039261-001,0,354.332
ASAP-0039265-001,0,315.373
ASAP-0039267-001,0,301.39
ASAP-0039276-001,0,310.401
ASAP-0039295-001,0,312.373
ASAP-0039297-001,0,368.277
ASAP-0039301-001,0,286.375
ASAP-0039304-001,0,318.442
ASAP-0039312-001,0,306.41
ASAP-0039318-001,0,358.467
ASAP-0039319-001,0,317.172
ASAP-0039323-001,0,397.338
ASAP-0039333-001,0,261.325
ASAP-0039339-001,0,316.405
ASAP-0039345-001,0,307.419
ASAP-0039352-001,0,318.442
ASAP-0039354-001,0,365.484
ASAP-0039360-001,0,307.419
ASAP-0039361-001,0,351.244
ASAP-0039363-001,0,368.502
ASAP-0039380-001,0,307.419
ASAP-0039381-001,0,343.471
ASAP-0039382-001,0,273.292
ASAP-0039393-001,0,364.782
ASAP-0039397-001,0,341.209
ASAP-0039405-001,0,315.417
ASAP-0039410-001,0,312.373
ASAP-0039411-001,0,276.34
ASAP-0039413-001,0,315.417
ASAP-0039700-002,0,370.478
ASAP-0039732-001,0,373.482
ASAP-0039733-001,0,412.555
ASAP-0039764-001,0,452.502
ASAP-0039783-001,0,367.268
ASAP-0039798-001,0,355.442
ASAP-0039799-001,0,383.168
ASAP-0039825-001,0,291.355
ASAP-0039842-001,0,310.401
ASAP-0039902-001,0,301.346
ASAP-0039903-001,0,332.787
ASAP-0039910-001,0,261.281
ASAP-0039911-001,0,311.341
ASAP-0039913-001,0,316.357
ASAP-0039915-001,0,278.739
ASAP-0039916-001,0,257.293
ASAP-0039924-001,0,349.818
ASAP-0039931-001,0,362.451
ASAP-0039933-001,0,348.374
ASAP-0039935-001,0,340.339
ASAP-0039946-001,0,318.398
ASAP-0039950-001,0,325.151
ASAP-0039963-001,0,302.33
ASAP-0039966-001,0,325.368
ASAP-0039967-001,0,332.375
ASAP-0039968-001,0,271.32
ASAP-0039973-001,0,286.331
ASAP-0039980-001,0,273.336
ASAP-0039982-001,0,356.23
ASAP-0039989-001,0,295.77
ASAP-0039991-001,0,262.309
ASAP-0041660-001,0,418.562
ASAP-0041662-001,0,449.62
ASAP-0041679-001,0,408.527
ASAP-0041682-001,0,406.512
ASAP-0041706-001,0,343.814
ASAP-0041711-001,0,278.352
ASAP-0041719-001,0,391.541
ASAP-0041725-001,0,316.401
ASAP-0041731-001,0,264.369
ASAP-0041734-001,0,365.271
ASAP-0041741-001,0,379.486
ASAP-0041744-001,0,370.496
ASAP-0041750-001,0,387.299
ASAP-0041756-001,0,464.553
ASAP-0041760-001,0,416.612
ASAP-0041775-001,0,420.937
ASAP-0041783-001,0,308.338
ASAP-0041801-001,0,453.583
ASAP-0043122-001,0,448.98
ASAP-0043126-001,0,349.456
ASAP-0043128-001,0,399.52
ASAP-0043134-001,0,445.614
ASAP-0043140-001,0,451.596
ASAP-0043159-001,0,375.498
ASAP-0043165-001,0,344.44
ASAP-0043453-001,0,383.355
ASAP-0043464-001,0,398.488
ASAP-0043466-001,0,383.355
ASAP-0043468-001,0,384.299
ASAP-0043482-001,0,398.488
ASAP-0043490-001,0,422.457
ASAP-0043492-001,0,356.451
ASAP-0043493-001,0,405.52
ASAP-0043507-001,0,436.537
ASAP-0043512-001,0,383.473
ASAP-0043515-001,0,441.572
ASAP-0043521-001,0,371.484
ASAP-0043529-001,0,459.656
ASAP-0043535-001,0,384.461
ASAP-0043536-001,0,360.523
ASAP-0044058-001,0,439.493
ASAP-0044086-001,0,370.478
ASAP-0044093-001,0,477.993
ASAP-0044097-001,0,443.577
ASAP-0044104-001,0,438.531
ASAP-0044110-001,0,439.459
ASAP-0044113-001,0,421.567
ASAP-0044115-001,0,476.624
ASAP-0044125-001,0,349.46
ASAP-0044126-001,0,459.641
ASAP-0044130-001,0,460.604
ASAP-0044132-001,0,365.503
ASAP-0044137-001,0,387.461
ASAP-0044139-001,0,417.51
ASAP-0044143-001,0,494.448
ASAP-0044151-001,0,391.541
ASAP-0044154-001,0,396.472
ASAP-0044160-001,0,459.612
ASAP-0044168-001,0,428.558
ASAP-0044178-001,0,421.563
ASAP-0044189-001,0,395.504
ASAP-0044191-001,0,459.66
ASAP-0044195-001,0,298.346
ASAP-0044203-001,0,457.585
ASAP-0044218-001,0,439.585
ASAP-0044227-001,0,467.639
ASAP-0044228-001,0,457.56
ASAP-0044232-001,0,479.528
ASAP-0044240-001,0,454.596
ASAP-0044241-001,0,457.64
ASAP-0044259-001,0,460.629
ASAP-0044263-001,0,460.629
ASAP-0044264-001,0,402.476
ASAP-0044268-001,0,439.509
ASAP-0044270-001,0,461.628
ASAP-0044279-001,0,451.596
ASAP-0044283-001,0,385.44
ASAP-0044289-001,0,386.477
ASAP-0044290-001,0,389.502
ASAP-0044300-001,0,431.606
ASAP-0044306-001,0,369.284
ASAP-0044311-001,0,460.604
ASAP-0044318-001,0,395.529
ASAP-0044322-001,0,383.355
ASAP-0044338-001,0,427.574
ASAP-0044339-001,0,434.566
ASAP-0044340-001,0,428.562
ASAP-0044342-001,0,417.457
ASAP-0044351-001,0,370.478
ASAP-0044358-001,0,337.449
ASAP-0044359-001,0,351.476
ASAP-0044361-001,0,369.284
ASAP-0044365-001,0,377.514
ASAP-0044373-001,0,383.355
ASAP-0044378-001,0,456.568
ASAP-0044380-001,0,420.539
ASAP-0044382-001,0,386.477
ASAP-0044392-001,0,466.611
ASAP-0044401-001,0,405.446
ASAP-0044404-001,0,438.529
ASAP-0044408-001,0,365.407
ASAP-0044410-001,0,401.483
ASAP-0044435-001,0,350.448
ASAP-0044437-001,0,397.338
ASAP-0044450-001,0,415.523
ASAP-0044455-001,0,422.51
ASAP-0044459-001,0,407.54
ASAP-0044462-001,0,443.598
