method,fragalysis_code,predicted_affinity
nesso-1,A71EV2A-x1346a,4.8937461376190186
nesso-1,A71EV2A-x1445a,4.6782660484313965
nesso-1,A71EV2A-x1445b,4.6782660484313965
nesso-1,A71EV2A-x1776a,4.40372633934021
nesso-1,A71EV2A-x1778a,4.319750428199768
nesso-1,A71EV2A-x2290a,3.9343626499176025
nesso-1,A71EV2A-x2293a,4.743255019187927
nesso-1,A71EV2A-x2304a,4.727764368057251
nesso-1,A71EV2A-x2339a,4.494975328445435
nesso-1,A71EV2A-x2351a,4.074355602264404
nesso-1,A71EV2A-x2448a,4.272206783294678
nesso-1,A71EV2A-x2448b,4.272206783294678
nesso-1,A71EV2A-x2454a,4.006284475326538
nesso-1,A71EV2A-x2458a,4.320129036903381
nesso-1,A71EV2A-x2513a,4.737322092056274
nesso-1,A71EV2A-x2629a,4.368301630020142
nesso-1,A71EV2A-x3054a,4.263352155685425
nesso-1,A71EV2A-x3066a,4.128470420837402
nesso-1,A71EV2A-x3175a,4.6738526821136475
nesso-1,A71EV2A-x3176a,4.297297477722168
nesso-1,A71EV2A-x3177a,4.737182974815369
nesso-1,A71EV2A-x3178a,4.470247387886047
nesso-1,A71EV2A-x3181a,4.495685577392578
nesso-1,A71EV2A-x3181b,4.495685577392578
nesso-1,A71EV2A-x3186a,4.141205787658691
nesso-1,A71EV2A-x3191a,4.327688694000244
nesso-1,A71EV2A-x3193a,4.556255102157593
nesso-1,A71EV2A-x3201a,4.263795614242554
nesso-1,A71EV2A-x3208a,4.578006029129028
nesso-1,A71EV2A-x3210a,4.577656030654907
nesso-1,A71EV2A-x3218a,4.304565668106079
nesso-1,A71EV2A-x3221a,3.93270492553711
nesso-1,A71EV2A-x3223a,4.400673151016235
nesso-1,A71EV2A-x3225a,4.08597719669342
nesso-1,A71EV2A-x3229a,4.167036175727844
nesso-1,A71EV2A-x3234a,4.857996940612793
nesso-1,A71EV2A-x3264a,4.621776223182678
nesso-1,A71EV2A-x3279a,4.588460922241211
nesso-1,A71EV2A-x3280a,4.767990231513977
nesso-1,A71EV2A-x3286a,4.616637706756592
nesso-1,A71EV2A-x3305a,5.106951951980591
nesso-1,A71EV2A-x3306a,4.787378311157227
nesso-1,A71EV2A-x3324a,4.745020627975464
nesso-1,A71EV2A-x3579a,4.143792390823364
nesso-1,A71EV2A-x3371a,4.446138381958008
nesso-1,A71EV2A-x3379a,4.420534610748291
nesso-1,A71EV2A-x3392a,4.368349313735962
nesso-1,A71EV2A-x3403a,4.456115961074829
nesso-1,A71EV2A-x3408a,4.0358662605285645
nesso-1,A71EV2A-x3410a,4.5497190952301025
nesso-1,A71EV2A-x3417a,4.0848305225372314
nesso-1,A71EV2A-x3419a,4.463464617729187
nesso-1,A71EV2A-x3435a,3.97455096244812
nesso-1,A71EV2A-x3436a,4.164318084716797
nesso-1,A71EV2A-x3450a,3.971175193786621
nesso-1,A71EV2A-x3480a,4.620725989341736
nesso-1,A71EV2A-x3483a,4.206569671630859
nesso-1,A71EV2A-x3485a,4.319826126098633
nesso-1,A71EV2A-x3488a,4.843509793281555
nesso-1,A71EV2A-x3489a,4.216645956039429
nesso-1,A71EV2A-x3509a,4.216580390930176
nesso-1,A71EV2A-x3509b,4.216580390930176
nesso-1,A71EV2A-x3510a,4.349496364593506
nesso-1,A71EV2A-x3593a,4.420534610748291
nesso-1,A71EV2A-x3606a,4.910789728164673
nesso-1,A71EV2A-x3612a,4.424708366394043
nesso-1,A71EV2A-x3616a,4.353782415390015
nesso-1,A71EV2A-x3616b,4.353782415390015
nesso-1,A71EV2A-x3621a,4.263981342315674
nesso-1,A71EV2A-x3623a,4.525000095367432
nesso-1,A71EV2A-x3634a,4.234828352928162
nesso-1,A71EV2A-x3663a,4.236444711685181
nesso-1,A71EV2A-x3665a,4.46548318862915
nesso-1,A71EV2A-x3685a,4.270298957824707
nesso-1,A71EV2A-x3694a,4.12673032283783
nesso-1,A71EV2A-x3694b,4.12673032283783
nesso-1,A71EV2A-x3706a,4.422650575637817
nesso-1,A71EV2A-x3706b,4.422650575637817
nesso-1,A71EV2A-x3521a,4.811197996139526
nesso-1,A71EV2A-x3521b,4.811197996139526
nesso-1,A71EV2A-x3522a,4.555145978927612
nesso-1,A71EV2A-x3522b,4.555145978927612
nesso-1,A71EV2A-x3546a,4.418214559555054
nesso-1,A71EV2A-x3548a,4.167036175727844
nesso-1,A71EV2A-x3550b,4.289031982421875
nesso-1,A71EV2A-x3550a,4.289031982421875
nesso-1,A71EV2A-x3556a,4.452134370803833
nesso-1,A71EV2A-x3557a,4.210253357887268
nesso-1,A71EV2A-x3557b,4.210253357887268
nesso-1,A71EV2A-x3564a,4.560189485549927
nesso-1,A71EV2A-x3568a,4.383247375488281
nesso-1,A71EV2A-x3571a,4.015211343765259
nesso-1,A71EV2A-x3571b,4.015211343765259
nesso-1,A71EV2A-x3849a,4.263795614242554
nesso-1,A71EV2A-x3858a,4.25005316734314
nesso-1,A71EV2A-x3858b,4.25005316734314
nesso-1,A71EV2A-x3862a,3.956896543502808
nesso-1,A71EV2A-x3867a,4.5942628383636475
nesso-1,A71EV2A-x3869a,4.263795614242554
nesso-1,A71EV2A-x3883a,3.956896543502808
nesso-1,A71EV2A-x3884a,4.583572149276733
nesso-1,A71EV2A-x3884b,4.583572149276733
nesso-1,A71EV2A-x3890a,4.161675333976746
nesso-1,A71EV2A-x3895a,4.142190456390381
nesso-1,A71EV2A-x3901a,4.404682874679565
nesso-1,A71EV2A-x3908a,4.349804520606995
nesso-1,A71EV2A-x3914a,4.497912168502808
nesso-1,A71EV2A-x3936a,4.002089619636536
nesso-1,A71EV2A-x3937a,3.716594696044922
nesso-1,A71EV2A-x3939a,4.084892153739929
nesso-1,A71EV2A-x3940a,4.468732833862305
nesso-1,A71EV2A-x3942a,4.176274061203003
nesso-1,A71EV2A-x3944a,4.634405016899109
nesso-1,A71EV2A-x3954a,4.4306206703186035
nesso-1,A71EV2A-x3956a,4.20356810092926
nesso-1,A71EV2A-x3968a,4.289703607559204
nesso-1,A71EV2A-x3975a,4.018219470977783
nesso-1,A71EV2A-x3977a,3.9169363975524902
nesso-1,A71EV2A-x3977b,3.9169363975524902
nesso-1,A71EV2A-x3982a,4.138779401779175
nesso-1,A71EV2A-x3986a,4.356525540351868
nesso-1,A71EV2A-x3986b,4.356525540351868
nesso-1,A71EV2A-x3989a,4.4178221225738525
nesso-1,A71EV2A-x3990a,4.5153374671936035
nesso-1,A71EV2A-x3992a,4.247523546218872
nesso-1,A71EV2A-x3992b,4.247523546218872
nesso-1,A71EV2A-x3993a,4.883681058883667
nesso-1,A71EV2A-x3993b,4.883681058883667
nesso-1,A71EV2A-x4018a,4.25251030921936
nesso-1,A71EV2A-x4018b,4.25251030921936
nesso-1,A71EV2A-x4020a,4.1487462520599365
nesso-1,A71EV2A-x4020b,4.1487462520599365
nesso-1,A71EV2A-x4028a,4.817988991737366
nesso-1,A71EV2A-x4029a,4.143792390823364
nesso-1,A71EV2A-x4031a,4.4640220403671265
nesso-1,A71EV2A-x4031b,4.4640220403671265
nesso-1,A71EV2A-x4032a,4.12673032283783
nesso-1,A71EV2A-x4032b,4.12673032283783
nesso-1,A71EV2A-x4035a,4.124437570571899
nesso-1,A71EV2A-x4035b,4.124437570571899
nesso-1,A71EV2A-x4202a,4.31217348575592
nesso-1,A71EV2A-x4202b,4.31217348575592
nesso-1,A71EV2A-x4290a,4.530424118041992
nesso-1,A71EV2A-x4291a,4.343180537223816
nesso-1,A71EV2A-x4295a,4.183240652084351
nesso-1,A71EV2A-x4298a,4.645186424255371
nesso-1,A71EV2A-x4305a,4.085100412368774
nesso-1,A71EV2A-x4306a,4.537055969238281
nesso-1,A71EV2A-x4308a,4.516156196594238
nesso-1,A71EV2A-x4309a,4.598917245864868
nesso-1,A71EV2A-x4309b,4.598917245864868
nesso-1,A71EV2A-x4310a,4.890874624252319
nesso-1,A71EV2A-x4310b,4.890874624252319
nesso-1,A71EV2A-x4311a,3.961358547210694
nesso-1,A71EV2A-x4312a,4.176036834716797
nesso-1,A71EV2A-x4313a,4.144094228744507
nesso-1,A71EV2A-x4316a,4.411388397216797
nesso-1,A71EV2A-x4319a,4.301283359527588
nesso-1,A71EV2A-x4320a,4.516688585281372
nesso-1,A71EV2A-x4321a,4.188584089279175
nesso-1,A71EV2A-x4321b,4.188584089279175
nesso-1,A71EV2A-x4322a,3.983204126358032
nesso-1,A71EV2A-x4334a,4.27588677406311
nesso-1,A71EV2A-x4334b,4.27588677406311
nesso-1,A71EV2A-x4336a,4.571175813674927
nesso-1,A71EV2A-x4341a,4.563934326171875
nesso-1,A71EV2A-x4344a,4.55420708656311
nesso-1,A71EV2A-x4347a,4.263795614242554
nesso-1,A71EV2A-x4351a,4.365900278091431
nesso-1,A71EV2A-x4368a,4.188243389129639
nesso-1,A71EV2A-x4372a,4.095238924026489
nesso-1,A71EV2A-x4374a,3.889197826385498
nesso-1,A71EV2A-x4374b,3.889197826385498
nesso-1,A71EV2A-x4381a,4.741503953933716
nesso-1,A71EV2A-x4203a,4.346207141876221
nesso-1,A71EV2A-x4207a,4.0603742599487305
nesso-1,A71EV2A-x4207b,4.0603742599487305
nesso-1,A71EV2A-x4209a,4.176274061203003
nesso-1,A71EV2A-x4214a,4.283517837524414
nesso-1,A71EV2A-x4214b,4.283517837524414
nesso-1,A71EV2A-x4237a,4.627750873565674
nesso-1,A71EV2A-x4237b,4.627750873565674
nesso-1,A71EV2A-x4237c,4.627750873565674
nesso-1,A71EV2A-x4237d,4.627750873565674
nesso-1,A71EV2A-x4239a,4.659610271453857
nesso-1,A71EV2A-x4260a,4.1673420667648315
nesso-1,A71EV2A-x4274a,4.241372346878052
nesso-1,A71EV2A-x4274b,4.241372346878052
nesso-1,A71EV2A-x4283a,4.293262481689453
nesso-1,A71EV2A-x4283b,4.293262481689453
nesso-1,A71EV2A-x4386a,4.069248914718628
nesso-1,A71EV2A-x4388a,4.351520895957947
nesso-1,A71EV2A-x4402a,4.039434552192688
nesso-1,A71EV2A-x4403a,4.121456861495972
nesso-1,A71EV2A-x4406a,4.4272918701171875
nesso-1,A71EV2A-x4409a,4.1747353076934814
nesso-1,A71EV2A-x4416a,4.42592453956604
nesso-1,A71EV2A-x4418a,4.424118518829346
nesso-1,A71EV2A-x4426a,5.038770794868469
nesso-1,A71EV2A-x4429a,4.709931135177612
nesso-1,A71EV2A-x4431a,4.58419132232666
nesso-1,A71EV2A-x4445a,3.9607393741607666
nesso-1,A71EV2A-x4445b,3.9607393741607666
nesso-1,A71EV2A-x4447a,4.8759201765060425
nesso-1,A71EV2A-x4447b,4.8759201765060425
nesso-1,A71EV2A-x4449a,4.0603742599487305
nesso-1,A71EV2A-x4449b,4.0603742599487305
nesso-1,A71EV2A-x4451a,4.277918338775635
nesso-1,A71EV2A-x4451b,4.277918338775635
nesso-1,A71EV2A-x4456a,4.061640501022339
nesso-1,A71EV2A-x4456b,4.061640501022339
nesso-1,A71EV2A-x4461a,4.3345112800598145
nesso-1,A71EV2A-x4463a,4.472562313079834
nesso-1,A71EV2A-x4464a,4.290968418121338
nesso-1,A71EV2A-x4472a,4.3010910749435425
nesso-1,A71EV2A-x4476a,4.2894816398620605
nesso-1,A71EV2A-x4510a,4.648805141448975
nesso-1,A71EV2A-x4514a,4.214097499847412
nesso-1,A71EV2A-x4519a,4.797424793243408
nesso-1,A71EV2A-x4519b,4.797424793243408
nesso-1,A71EV2A-x4524a,4.395196437835693
nesso-1,A71EV2A-x4540a,4.218650579452515
nesso-1,A71EV2A-x4547a,4.496370553970337
nesso-1,A71EV2A-x4554a,4.329326868057251
nesso-1,A71EV2A-x4571a,4.648805141448975
nesso-1,A71EV2A-x4575a,4.214097499847412
nesso-1,A71EV2A-x4580a,4.797424793243408
nesso-1,A71EV2A-x4580b,4.797424793243408
nesso-1,A71EV2A-x4583a,4.277689218521118
nesso-1,A71EV2A-x4583b,4.277689218521118
nesso-1,A71EV2A-x4596a,4.323582410812378
nesso-1,A71EV2A-x4596c,4.323582410812378
nesso-1,A71EV2A-x4596b,4.323582410812378
nesso-1,A71EV2A-x4606a,4.259608268737793
nesso-1,A71EV2A-x4606b,4.259608268737793
nesso-1,A71EV2A-x4608a,4.2996907234191895
nesso-1,A71EV2A-x4654a,4.462721347808838
nesso-1,A71EV2A-x4656a,4.501327276229858
nesso-1,A71EV2A-x4661a,4.177125692367554
nesso-1,A71EV2A-x4669a,4.626202583312988
nesso-1,A71EV2A-x4669b,4.626202583312988
nesso-1,A71EV2A-x4670a,4.2798192501068115
nesso-1,A71EV2A-x4674a,4.445906400680542
nesso-1,A71EV2A-x4674b,4.445906400680542
nesso-1,A71EV2A-x4674c,4.445906400680542
nesso-1,A71EV2A-x4675a,4.169184684753418
nesso-1,A71EV2A-x4684a,4.266021490097046
nesso-1,A71EV2A-x4689a,4.387663722038269
nesso-1,A71EV2A-x4694a,4.451012134552002
nesso-1,A71EV2A-x4701a,4.080061197280884
nesso-1,A71EV2A-x4703a,4.590738534927368
nesso-1,A71EV2A-x4706a,3.8967599868774414
nesso-1,A71EV2A-x4707a,4.080508708953857
nesso-1,A71EV2A-x4708a,4.029750108718872
nesso-1,A71EV2A-x4710a,4.40115749835968
nesso-1,A71EV2A-x4712a,4.203840970993042
nesso-1,A71EV2A-x4721a,4.295730948448181
nesso-1,A71EV2A-x4724a,4.580197811126709
nesso-1,A71EV2A-x4727a,4.334411263465881
nesso-1,A71EV2A-x4735a,4.644838333129883
nesso-1,A71EV2A-x4736a,3.924792528152466
nesso-1,A71EV2A-x4739a,4.4955737590789795
nesso-1,A71EV2A-x4745a,4.517676591873169
nesso-1,A71EV2A-x4746a,4.527641177177429
nesso-1,A71EV2A-x4751a,4.454084157943726
nesso-1,A71EV2A-x4753a,4.622517347335815
nesso-1,A71EV2A-x4774a,4.415806293487549
nesso-1,A71EV2A-x4778a,4.94282078742981
nesso-1,A71EV2A-x4784a,4.34005081653595
nesso-1,A71EV2A-x4791a,4.76638388633728
nesso-1,A71EV2A-x4794a,4.245296835899353
nesso-1,A71EV2A-x4798a,4.62274694442749
nesso-1,A71EV2A-x4809a,4.090306997299194
nesso-1,A71EV2A-x4812a,4.613412022590637
nesso-1,A71EV2A-x4824a,4.393672943115234
nesso-1,A71EV2A-x4824b,4.393672943115234
nesso-1,A71EV2A-x4826a,4.527175426483154
nesso-1,A71EV2A-x4826b,4.527175426483154
nesso-1,A71EV2A-x4827a,4.4737788438797
nesso-1,A71EV2A-x4827b,4.4737788438797
nesso-1,A71EV2A-x4829a,4.072159171104431
nesso-1,A71EV2A-x4829b,4.072159171104431
nesso-1,A71EV2A-x4840a,4.024057626724243
nesso-1,A71EV2A-x4843a,4.755870342254639
nesso-1,A71EV2A-x4845a,4.559273958206177
nesso-1,A71EV2A-x4851a,4.320178508758545
nesso-1,A71EV2A-x4856a,4.3726725578308105
nesso-1,A71EV2A-x4873a,4.395196437835693
nesso-1,A71EV2A-x4873b,4.395196437835693
nesso-1,A71EV2A-x4883a,4.293176174163818
nesso-1,A71EV2A-x4883b,4.293176174163818
nesso-1,A71EV2A-x4885a,4.520948886871338
nesso-1,A71EV2A-x4885b,4.520948886871338
nesso-1,A71EV2A-x4894a,4.37111759185791
nesso-1,A71EV2A-x4895a,4.301557779312134
nesso-1,A71EV2A-x4895b,4.301557779312134
nesso-1,A71EV2A-x4899a,4.70481550693512
nesso-1,A71EV2A-x4899b,4.70481550693512
nesso-1,A71EV2A-x4903a,4.072159171104431
nesso-1,A71EV2A-x4903b,4.072159171104431
nesso-1,A71EV2A-x4914a,4.233834743499756
nesso-1,A71EV2A-x4918a,4.089750289916992
nesso-1,A71EV2A-x4922a,4.135891437530518
nesso-1,A71EV2A-x4924a,4.2511433362960815
nesso-1,A71EV2A-x4963a,4.110431671142578
nesso-1,A71EV2A-x4963b,4.110431671142578
nesso-1,A71EV2A-x4974a,4.533625960350037
nesso-1,A71EV2A-x4977a,4.5846699476242065
nesso-1,A71EV2A-x4977b,4.5846699476242065
nesso-1,A71EV2A-x4979a,4.348531723022461
nesso-1,A71EV2A-x4979b,4.348531723022461
nesso-1,A71EV2A-x4986a,5.039396286010742
nesso-1,A71EV2A-x4986b,5.039396286010742
nesso-1,A71EV2A-x4935a,4.490645170211792
nesso-1,A71EV2A-x4940a,4.37111759185791
nesso-1,A71EV2A-x4943a,4.193412661552429
nesso-1,A71EV2A-x4943b,4.193412661552429
nesso-1,A71EV2A-x4954a,4.282912731170654
nesso-1,A71EV2A-x4992a,4.542903304100037
nesso-1,A71EV2A-x4994a,4.273141145706177
nesso-1,A71EV2A-x5015a,4.450871229171753
nesso-1,A71EV2A-x5015b,4.450871229171753
nesso-1,A71EV2A-x5022a,4.774510622024536
nesso-1,A71EV2A-x5022b,4.774510622024536
nesso-1,A71EV2A-x5036a,4.121608257293701
nesso-1,A71EV2A-x5036b,4.121608257293701
nesso-1,A71EV2A-x5039a,4.262980937957764
nesso-1,A71EV2A-x5039b,4.262980937957764
nesso-1,A71EV2A-x5052a,4.329975843429565
nesso-1,A71EV2A-x5079a,4.240400791168213
nesso-1,A71EV2A-x5079b,4.240400791168213
nesso-1,A71EV2A-x5081a,4.294528484344482
nesso-1,A71EV2A-x5081b,4.294528484344482
nesso-1,A71EV2A-x5082a,4.103435277938843
nesso-1,A71EV2A-x5082b,4.103435277938843
nesso-1,A71EV2A-x5090a,4.374768018722534
nesso-1,A71EV2A-x5106a,4.562016725540161
nesso-1,A71EV2A-x5150a,4.374768018722534
nesso-1,A71EV2A-x5151a,4.232939958572388
nesso-1,A71EV2A-x5171a,4.433573961257935
nesso-1,A71EV2A-x5171b,4.433573961257935
nesso-1,A71EV2A-x5177a,4.775572776794434
nesso-1,A71EV2A-x5182a,4.790794491767883
nesso-1,A71EV2A-x5200a,4.396353840827942
nesso-1,A71EV2A-x5203a,4.578292369842529
nesso-1,A71EV2A-x5203b,4.578292369842529
nesso-1,A71EV2A-x5210a,4.407252788543701
nesso-1,A71EV2A-x5210b,4.407252788543701
nesso-1,A71EV2A-x5212a,4.268068194389343
nesso-1,A71EV2A-x5213a,4.384537696838379
nesso-1,A71EV2A-x5213b,4.384537696838379
nesso-1,A71EV2A-x5221a,4.260867595672607
nesso-1,A71EV2A-x5226a,4.634914517402649
nesso-1,A71EV2A-x5231a,4.24794602394104
nesso-1,A71EV2A-x5247a,4.704729437828064
nesso-1,A71EV2A-x5247b,4.704729437828064
nesso-1,A71EV2A-x5249a,4.5070741176605225
nesso-1,A71EV2A-x5261a,4.720890045166016
nesso-1,A71EV2A-x5262a,4.217245578765869
nesso-1,A71EV2A-x5262b,4.217245578765869
nesso-1,A71EV2A-x5268a,4.520948886871338
nesso-1,A71EV2A-x5276a,4.490049600601196
nesso-1,A71EV2A-x5277a,4.4616546630859375
nesso-1,A71EV2A-x5278a,4.521942734718323
nesso-1,A71EV2A-x5283a,4.666933059692383
nesso-1,A71EV2A-x5283b,4.666933059692383
nesso-1,A71EV2A-x5288a,4.433155536651611
nesso-1,A71EV2A-x5288b,4.433155536651611
nesso-1,A71EV2A-x5289a,4.333576202392578
nesso-1,A71EV2A-x5289b,4.333576202392578
nesso-1,A71EV2A-x5317a,4.168733596801758
nesso-1,A71EV2A-x5339a,4.837409734725952
nesso-1,A71EV2A-x5339b,4.837409734725952
nesso-1,A71EV2A-x5351a,4.095351696014404
nesso-1,A71EV2A-x5359a,4.5478196144104
nesso-1,A71EV2A-x5359b,4.5478196144104
nesso-1,A71EV2A-x5366a,4.837409734725952
nesso-1,A71EV2A-x5366b,4.837409734725952
nesso-1,A71EV2A-x5383a,4.33278226852417
nesso-1,A71EV2A-x5387a,4.32360315322876
nesso-1,A71EV2A-x5387b,4.32360315322876
nesso-1,A71EV2A-x5389a,4.241416931152344
nesso-1,A71EV2A-x5398a,4.826256513595581
nesso-1,A71EV2A-x5403a,4.924811363220215
nesso-1,A71EV2A-x5409a,4.197423696517944
nesso-1,A71EV2A-x5409b,4.197423696517944
nesso-1,A71EV2A-x5424a,4.226508140563965
nesso-1,A71EV2A-x5424b,4.226508140563965
nesso-1,A71EV2A-x5425a,4.2211012840271
nesso-1,A71EV2A-x5425b,4.2211012840271
nesso-1,A71EV2A-x5427a,4.346514105796814
nesso-1,A71EV2A-x5431a,4.146621942520142
nesso-1,A71EV2A-x5431b,4.146621942520142
nesso-1,A71EV2A-x5448a,4.648265838623047
nesso-1,A71EV2A-x5449a,4.587195873260498
nesso-1,A71EV2A-x5449b,4.587195873260498
nesso-1,A71EV2A-x5466a,4.431031584739685
nesso-1,A71EV2A-x5475a,4.649451375007629
nesso-1,A71EV2A-x5475b,4.649451375007629
nesso-1,A71EV2A-x5479a,4.876967430114746
nesso-1,A71EV2A-x5482a,4.726509213447571
nesso-1,A71EV2A-x5488a,4.600731372833252
nesso-1,A71EV2A-x5494a,4.247364640235901
nesso-1,A71EV2A-x5497a,3.9628007411956783
nesso-1,A71EV2A-x5509a,4.8729400634765625
nesso-1,A71EV2A-x5512a,5.011953949928284
nesso-1,A71EV2A-x5512b,5.011953949928284
nesso-1,A71EV2A-x5525a,5.233796119689941
nesso-1,A71EV2A-x5525b,5.233796119689941
nesso-1,A71EV2A-x5526a,4.7488977909088135
nesso-1,A71EV2A-x5533a,4.76469361782074
nesso-1,A71EV2A-x5544a,5.2926952838897705
nesso-1,A71EV2A-x5550a,4.440012216567993
nesso-1,A71EV2A-x5556a,4.3651123046875
nesso-1,A71EV2A-x5559a,4.711678743362427
nesso-1,A71EV2A-x5570a,4.230541110038757
nesso-1,A71EV2A-x5572a,4.20681095123291
nesso-1,A71EV2A-x5581a,4.695344805717468
nesso-1,A71EV2A-x5594a,4.30686354637146
nesso-1,A71EV2A-x5594b,4.30686354637146
nesso-1,A71EV2A-x5598a,4.829178094863892
nesso-1,A71EV2A-x5598b,4.829178094863892
nesso-1,A71EV2A-x5599a,4.79910671710968
nesso-1,A71EV2A-x5599b,4.79910671710968
nesso-1,A71EV2A-x5604a,4.857256889343262
nesso-1,A71EV2A-x5608a,4.105997323989868
nesso-1,A71EV2A-x5608b,4.105997323989868
nesso-1,A71EV2A-x5635a,4.454174995422363
nesso-1,A71EV2A-x5635b,4.454174995422363
nesso-1,A71EV2A-x5665a,5.348725914955139
nesso-1,A71EV2A-x5666a,4.979280471801758
nesso-1,A71EV2A-x5673a,4.344851970672607
nesso-1,A71EV2A-x5676a,4.659544587135315
nesso-1,A71EV2A-x5687a,4.461103677749634
nesso-1,A71EV2A-x5699a,4.829545021057129
nesso-1,A71EV2A-x5705a,4.304564952850342
nesso-1,A71EV2A-x5705b,4.304564952850342
nesso-1,A71EV2A-x5721a,4.166168212890625
nesso-1,A71EV2A-x5721b,4.166168212890625
nesso-1,A71EV2A-x5728a,4.360650300979614
nesso-1,A71EV2A-x5744a,4.636892557144165
nesso-1,A71EV2A-x5747a,4.245630264282227
nesso-1,A71EV2A-x5758a,4.528711795806885
nesso-1,A71EV2A-x5758b,4.528711795806885
nesso-1,A71EV2A-x5766a,4.478829860687256
nesso-1,A71EV2A-x5777a,4.669953346252441
nesso-1,A71EV2A-x5777b,4.669953346252441
nesso-1,A71EV2A-x5779a,4.351327419281006
nesso-1,A71EV2A-x5788a,4.974925875663757
nesso-1,A71EV2A-x5798a,4.600116491317749
nesso-1,A71EV2A-x5798b,4.600116491317749
nesso-1,A71EV2A-x5802a,4.473836183547974
nesso-1,A71EV2A-x5802b,4.473836183547974
nesso-1,A71EV2A-x5808a,5.30100554227829
nesso-1,A71EV2A-x5808b,5.30100554227829
nesso-1,A71EV2A-x5819a,4.613072156906128
nesso-1,A71EV2A-x5819b,4.613072156906128
nesso-1,A71EV2A-x5824a,4.690501689910889
nesso-1,A71EV2A-x5824b,4.690501689910889
nesso-1,A71EV2A-x5830a,4.536996603012085
nesso-1,A71EV2A-x5833a,4.98211145401001
nesso-1,A71EV2A-x5836a,5.728402376174927
nesso-1,A71EV2A-x5850a,4.383732914924622
nesso-1,A71EV2A-x5854a,4.916969060897827
nesso-1,A71EV2A-x5857a,5.307346165180206
nesso-1,A71EV2A-x5864a,5.361483573913574
nesso-1,A71EV2A-x5868a,4.345983505249023
nesso-1,A71EV2A-x5877a,5.420420944690704
nesso-1,A71EV2A-x5879a,5.335306346416473
nesso-1,A71EV2A-x5879b,5.335306346416473
nesso-1,A71EV2A-x5884a,5.179611921310425
nesso-1,A71EV2A-x5891a,4.717128038406372
nesso-1,A71EV2A-x5992a,4.4655210971832275
nesso-1,A71EV2A-x5992b,4.4655210971832275
nesso-1,A71EV2A-x5995a,4.383732914924622
nesso-1,A71EV2A-x5995b,4.383732914924622
nesso-1,A71EV2A-x6021a,4.457070231437683
nesso-1,A71EV2A-x6025a,5.429549515247345
nesso-1,A71EV2A-x6027a,4.4500508308410645
nesso-1,A71EV2A-x6028a,5.049535632133484
nesso-1,A71EV2A-x6032a,5.163021922111511
nesso-1,A71EV2A-x6035a,5.260157108306885
nesso-1,A71EV2A-x6714a,4.6391761302948
nesso-1,A71EV2A-x6726a,4.627115726470947
nesso-1,A71EV2A-x6730a,5.1244893074035645
nesso-1,A71EV2A-x6736a,5.095015048980713
nesso-1,A71EV2A-x6738a,5.290428996086121
nesso-1,A71EV2A-x6739a,5.420025527477264
nesso-1,A71EV2A-x6746a,5.472835123538971
nesso-1,A71EV2A-x6769a,5.817627862095833
nesso-1,A71EV2A-x6778a,5.209104776382446
nesso-1,A71EV2A-x6791a,5.3078266978263855
nesso-1,A71EV2A-x6794a,5.173449754714966
nesso-1,A71EV2A-x6802a,5.290152549743652
nesso-1,A71EV2A-x6808a,4.955246090888977
nesso-1,A71EV2A-x6816a,4.648120641708374
nesso-1,A71EV2A-x6816b,4.648120641708374
nesso-1,A71EV2A-x6818a,5.253929138183594
nesso-1,A71EV2A-x6819a,4.919535517692566
nesso-1,A71EV2A-x6821a,4.74713921546936
nesso-1,A71EV2A-x6827a,5.259684383869171
nesso-1,A71EV2A-x6832a,5.091616153717041
nesso-1,A71EV2A-x6838a,4.9361443519592285
nesso-1,A71EV2A-x6844a,4.906851053237915
nesso-1,A71EV2A-x6847a,4.174459338188171
nesso-1,A71EV2A-x6851a,4.174459338188171
nesso-1,A71EV2A-x6853a,4.4646525382995605
nesso-1,A71EV2A-x6856a,5.086283087730408
nesso-1,A71EV2A-x6877a,5.075392782688141
nesso-1,A71EV2A-x6895a,5.46851110458374
nesso-1,A71EV2A-x6914a,5.581254541873932
nesso-1,A71EV2A-x6920a,4.6396355628967285
nesso-1,A71EV2A-x6925a,5.107745587825775
nesso-1,A71EV2A-x6932a,4.881206750869751
nesso-1,A71EV2A-x6934a,4.606566905975342
nesso-1,A71EV2A-x6938a,4.836565375328064
nesso-1,A71EV2A-x6945a,5.10667085647583
nesso-1,A71EV2A-x6948a,5.358525574207306
nesso-1,A71EV2A-x6948b,5.358525574207306
nesso-1,A71EV2A-x6955a,5.149468183517456
nesso-1,A71EV2A-x6955b,5.149468183517456
nesso-1,A71EV2A-x6980a,5.075392782688141
nesso-1,A71EV2A-x6991a,4.628202438354492
nesso-1,A71EV2A-x7021a,4.908817172050476
nesso-1,A71EV2A-x7002a,5.688377201557159
nesso-1,A71EV2A-x7008a,5.442318916320801
nesso-1,A71EV2A-x7011a,4.939259886741638
nesso-1,A71EV2A-x7015a,5.393345952033997
nesso-1,A71EV2A-x7018a,4.825169563293457
nesso-1,A71EV2A-x7024a,5.20698094367981
nesso-1,A71EV2A-x7025a,5.183037638664246
nesso-1,A71EV2A-x7026a,4.703471899032593
nesso-1,A71EV2A-x7026b,4.703471899032593
nesso-1,A71EV2A-x7031a,5.277199029922485
nesso-1,A71EV2A-x7032a,5.162060618400574
nesso-1,A71EV2A-x7035a,4.475675106048584
nesso-1,A71EV2A-x7038a,4.805425524711609
nesso-1,A71EV2A-x7043a,5.620862692594528
nesso-1,A71EV2A-x7043b,5.620862692594528
nesso-1,A71EV2A-x7044a,5.914103679358959
nesso-1,A71EV2A-x7046a,5.3567821979522705
nesso-1,A71EV2A-x7056a,5.104071319103241
nesso-1,A71EV2A-x7070a,5.355098247528076
nesso-1,A71EV2A-x7093a,5.148282170295715
nesso-1,A71EV2A-x7095a,5.539488703012466
nesso-1,A71EV2A-x7096a,5.263791918754578
nesso-1,A71EV2A-x7101a,5.0162893533706665
nesso-1,A71EV2A-x7127a,5.674295425415039
nesso-1,A71EV2A-x7130a,5.609294593334198
nesso-1,A71EV2A-x7132a,6.093091741204262
nesso-1,A71EV2A-x7135a,4.942065000534058
nesso-1,A71EV2A-x7147a,5.277202248573303
nesso-1,A71EV2A-x7151a,5.470794439315796
nesso-1,A71EV2A-x7154a,5.286615073680878
nesso-1,A71EV2A-x7161a,5.187902390956879
nesso-1,A71EV2A-x7167a,5.247271358966827
nesso-1,A71EV2A-x7167b,5.247271358966827
nesso-1,A71EV2A-x7169a,5.5144064128398895
nesso-1,A71EV2A-x7170a,5.842666372656822
nesso-1,A71EV2A-x7172a,4.666942834854126
nesso-1,A71EV2A-x7175a,5.190164387226105
nesso-1,A71EV2A-x7176a,5.532940983772278
nesso-1,A71EV2A-x7184a,5.327917158603668
nesso-1,A71EV2A-x7190a,5.386190354824066
nesso-1,A71EV2A-x7238a,5.4190791845321655
nesso-1,A71EV2A-x7246a,5.146338582038879
nesso-1,A71EV2A-x7247a,6.116220071911812
nesso-1,A71EV2A-x7250a,4.913364291191101
nesso-1,A71EV2A-x7251a,4.5688347816467285
nesso-1,A71EV2A-x7254a,5.18289589881897
nesso-1,A71EV2A-x7256a,5.5304195284843445
nesso-1,A71EV2A-x7257a,5.409368276596069
nesso-1,A71EV2A-x7259a,5.027153372764587
nesso-1,A71EV2A-x7260a,5.213913321495056
nesso-1,A71EV2A-x7261a,5.5447059869766235
nesso-1,A71EV2A-x7263a,5.150505900382996
nesso-1,A71EV2A-x7284a,4.923807263374329
nesso-1,A71EV2A-x7287a,5.39865106344223
nesso-1,A71EV2A-x7297a,4.839151382446289
nesso-1,A71EV2A-x7301a,5.224348306655884
nesso-1,A71EV2A-x7301b,5.224348306655884
nesso-1,A71EV2A-x7307a,5.108937501907349
nesso-1,A71EV2A-x7309a,4.781958818435669
nesso-1,A71EV2A-x7316a,5.353731870651245
nesso-1,A71EV2A-x7317a,4.880114555358887
nesso-1,A71EV2A-x7317b,4.880114555358887
nesso-1,A71EV2A-x7318a,4.954043745994568
nesso-1,A71EV2A-x7321a,5.3771756291389465
nesso-1,A71EV2A-x7323a,5.821716696023941
nesso-1,A71EV2A-x7333a,4.952862977981567
nesso-1,A71EV2A-x7334a,4.624616622924805
nesso-1,A71EV2A-x7334b,4.624616622924805
nesso-1,A71EV2A-x7338a,5.375115215778351
nesso-1,A71EV2A-x7339a,4.549323678016663
nesso-1,A71EV2A-x7350a,5.446688652038574
nesso-1,A71EV2A-x7350b,5.446688652038574
nesso-1,A71EV2A-x7353a,4.905550718307495
nesso-1,A71EV2A-x7353b,4.905550718307495
nesso-1,A71EV2A-x7359a,4.425854206085205
nesso-1,A71EV2A-x7368a,5.318700075149536
nesso-1,A71EV2A-x7369a,5.479557752609253
nesso-1,A71EV2A-x7369b,5.479557752609253
nesso-1,A71EV2A-x7372a,4.880114555358887
nesso-1,A71EV2A-x7379a,5.651674151420593
nesso-1,A71EV2A-x7389a,4.624616622924805
nesso-1,A71EV2A-x7410a,5.687583476305008
nesso-1,A71EV2A-x7420a,5.189841985702515
nesso-1,A71EV2A-x7424a,4.983527183532715
nesso-1,A71EV2A-x7427a,5.083850383758545
nesso-1,A71EV2A-x7430a,5.120751917362213
nesso-1,A71EV2A-x7432a,4.801791787147522
nesso-1,A71EV2A-x7433a,5.315667390823364
nesso-1,A71EV2A-x7436a,5.008116543292999
nesso-1,A71EV2A-x7436b,5.008116543292999
nesso-1,A71EV2A-x7442a,4.797214388847351
nesso-1,A71EV2A-x7445a,5.5304195284843445
nesso-1,A71EV2A-x7446a,5.142036199569702
nesso-1,A71EV2A-x7448a,4.6876702308654785
nesso-1,A71EV2A-x7459a,5.465255618095398
nesso-1,A71EV2A-x7461a,5.465255618095398
nesso-1,A71EV2A-x7465a,5.252445220947266
nesso-1,A71EV2A-x7465b,5.252445220947266
nesso-1,A71EV2A-x7475a,5.017555892467499
nesso-1,A71EV2A-x7475b,5.017555892467499
nesso-1,A71EV2A-x7491a,5.133241772651672
nesso-1,A71EV2A-x7491b,5.133241772651672
nesso-1,A71EV2A-x7501a,4.651801824569702
nesso-1,A71EV2A-x7501b,4.651801824569702
nesso-1,A71EV2A-x7510a,4.786915302276611
nesso-1,A71EV2A-x7510b,4.786915302276611
nesso-1,A71EV2A-x7515a,5.252445220947266
nesso-1,A71EV2A-x7533a,4.82068943977356
nesso-1,A71EV2A-x7533b,4.82068943977356
nesso-1,A71EV2A-x7545a,4.36346435546875
nesso-1,A71EV2A-x7545b,4.36346435546875
nesso-1,A71EV2A-x7558a,4.784716486930847
nesso-1,A71EV2A-x7560a,4.731783390045166
nesso-1,A71EV2A-x7560b,4.731783390045166
nesso-1,A71EV2A-x7570a,4.975317001342773
nesso-1,A71EV2A-x7576a,5.819874465465546
nesso-1,A71EV2A-x7576b,5.819874465465546
nesso-1,A71EV2A-x7580a,4.9130699634552
nesso-1,A71EV2A-x7580b,4.9130699634552
nesso-1,A71EV2A-x7589a,4.916819334030151
nesso-1,A71EV2A-x7597a,5.1257405281066895
nesso-1,A71EV2A-x7608a,5.305307865142822
nesso-1,A71EV2A-x7613a,5.098584473133087
nesso-1,A71EV2A-x7622a,4.870458006858826
nesso-1,A71EV2A-x7631a,4.775572776794434
